Date,Temp Avg,Humidity Avg,RR,Inflasi YoY,Produksi BM,Produksi BP,Produksi CR,is_tahun_baru,is_natal,is_idul_fitri,Bawang Merah,Bawang Putih,Cabai Rawit
2023-01-01,24.3,89,30.5,6.06,179356.0,208.0,163987.0,1,0,0,34367,28400,69483
2023-01-02,24.4,91,25.0,6.06,179356.0,208.0,163987.0,0,0,0,34950,28400,76800
2023-01-03,24.3,89,21.8,6.06,179356.0,208.0,163987.0,0,0,0,35400,28350,78600
2023-01-04,25.4,85,10.6,6.06,179356.0,208.0,163987.0,0,0,0,35950,28550,78400
2023-01-05,26.0,83,1.9,6.06,179356.0,208.0,163987.0,0,0,0,36550,28450,75200
2023-01-06,0.0,0,0.0,6.06,179356.0,208.0,163987.0,0,0,0,36400,28400,71950
2023-01-07,0.0,0,0.0,6.06,179356.0,208.0,163987.0,0,0,0,36483,28350,72417
2023-01-08,25.6,88,0.0,6.06,179356.0,208.0,163987.0,0,0,0,36567,28300,72883
2023-01-09,26.4,80,17.0,6.06,179356.0,208.0,163987.0,0,0,0,36650,28250,73350
2023-01-10,26.4,84,0.0,6.06,179356.0,208.0,163987.0,0,0,0,36650,28300,72100
2023-01-11,0.0,0,0.5,6.06,179356.0,208.0,163987.0,0,0,0,36950,28300,69700
2023-01-12,26.9,80,0.0,6.06,179356.0,208.0,163987.0,0,0,0,37100,28150,69100
2023-01-13,25.9,86,0.6,6.06,179356.0,208.0,163987.0,0,0,0,37000,28150,66950
2023-01-14,26.8,80,41.3,6.06,179356.0,208.0,163987.0,0,0,0,37100,28183,65533
2023-01-15,25.9,88,0.5,6.06,179356.0,208.0,163987.0,0,0,0,37200,28217,64117
2023-01-16,26.0,85,13.0,6.06,179356.0,208.0,163987.0,0,0,0,37300,28250,62700
2023-01-17,24.4,92,0.0,6.06,179356.0,208.0,163987.0,0,0,0,37300,28250,60950
2023-01-18,24.7,92,3.8,6.06,179356.0,208.0,163987.0,0,0,0,38250,28450,58200
2023-01-19,25.2,88,0.0,6.06,179356.0,208.0,163987.0,0,0,0,39400,28450,58700
2023-01-20,25.4,86,0.0,6.06,179356.0,208.0,163987.0,0,0,0,41050,28450,60300
2023-01-21,25.0,86,0.0,6.06,179356.0,208.0,163987.0,0,0,0,41050,28450,60300
2023-01-22,25.9,84,1.1,6.06,179356.0,208.0,163987.0,0,0,0,41050,28450,60300
2023-01-23,26.1,84,0.4,6.06,179356.0,208.0,163987.0,0,0,0,41050,28450,60300
2023-01-24,25.5,84,1.0,6.06,179356.0,208.0,163987.0,0,0,0,41650,28600,60800
2023-01-25,23.9,93,0.8,6.06,179356.0,208.0,163987.0,0,0,0,41900,28650,60100
2023-01-26,25.0,85,11.0,6.06,179356.0,208.0,163987.0,0,0,0,41800,28700,60650
2023-01-27,26.2,86,0.2,6.06,179356.0,208.0,163987.0,0,0,0,42100,28700,61650
2023-01-28,24.6,92,1.4,6.06,179356.0,208.0,163987.0,0,0,0,42500,28783,61233
2023-01-29,25.6,89,27.7,6.06,179356.0,208.0,163987.0,0,0,0,42900,28867,60817
2023-01-30,25.9,87,1.0,6.06,179356.0,208.0,163987.0,0,0,0,43300,28950,60400
2023-01-31,25.8,90,0.0,6.06,179356.0,208.0,163987.0,0,0,0,44450,29100,61100
2023-02-01,25.2,89,5.6,6.17,179356.0,208.0,163987.0,0,0,0,45500,29200,61250
2023-02-02,25.9,88,0.9,6.17,179356.0,208.0,163987.0,0,0,0,45450,29600,61550
2023-02-03,25.6,82,6.2,6.17,179356.0,208.0,163987.0,0,0,0,45550,29700,60800
2023-02-04,27.1,74,0.0,6.17,179356.0,208.0,163987.0,0,0,0,45667,29767,61733
2023-02-05,26.0,76,0.0,6.17,179356.0,208.0,163987.0,0,0,0,45783,29833,62667
2023-02-06,26.7,78,0.0,6.17,179356.0,208.0,163987.0,0,0,0,45900,29900,63600
2023-02-07,0.0,0,0.6,6.17,179356.0,208.0,163987.0,0,0,0,45900,29950,64050
2023-02-08,26.1,79,0.0,6.17,179356.0,208.0,163987.0,0,0,0,45850,29950,64300
2023-02-09,26.2,73,5.0,6.17,179356.0,208.0,163987.0,0,0,0,45550,30200,64550
2023-02-10,26.0,81,4.0,6.17,179356.0,208.0,163987.0,0,0,0,45350,30200,63950
2023-02-11,25.9,89,0.5,6.17,179356.0,208.0,163987.0,0,0,0,44250,30083,64550
2023-02-12,23.3,94,51.6,6.17,179356.0,208.0,163987.0,0,0,0,43150,29967,65150
2023-02-13,23.9,88,10.4,6.17,179356.0,208.0,163987.0,0,0,0,42050,29850,65750
2023-02-14,25.1,84,4.1,6.17,179356.0,208.0,163987.0,0,0,0,40850,29750,65900
2023-02-15,24.9,85,5.0,6.17,179356.0,208.0,163987.0,0,0,0,40150,29750,65850
2023-02-16,24.9,88,4.0,6.17,179356.0,208.0,163987.0,0,0,0,40100,29750,67150
2023-02-17,24.7,93,4.3,6.17,179356.0,208.0,163987.0,0,0,0,40000,29750,69450
2023-02-18,25.0,90,33.0,6.17,179356.0,208.0,163987.0,0,0,0,39567,29900,71117
2023-02-19,25.4,88,13.7,6.17,179356.0,208.0,163987.0,0,0,0,39133,30050,72783
2023-02-20,25.9,82,0.0,6.17,179356.0,208.0,163987.0,0,0,0,38700,30200,74450
2023-02-21,25.8,86,1.3,6.17,179356.0,208.0,163987.0,0,0,0,38250,30400,74600
2023-02-22,24.5,94,0.5,6.17,179356.0,208.0,163987.0,0,0,0,37900,30550,75000
2023-02-23,25.0,92,13.2,6.17,179356.0,208.0,163987.0,0,0,0,37800,30700,75950
2023-02-24,25.4,92,16.2,6.17,179356.0,208.0,163987.0,0,0,0,37300,30900,74900
2023-02-25,25.3,92,12.8,6.17,179356.0,208.0,163987.0,0,0,0,36933,31150,73483
2023-02-26,24.6,93,9.1,6.17,179356.0,208.0,163987.0,0,0,0,36567,31400,72067
2023-02-27,25.2,90,45.2,6.17,179356.0,208.0,163987.0,0,0,0,36200,31650,70650
2023-02-28,25.1,89,11.1,6.17,179356.0,208.0,163987.0,0,0,0,36200,31950,69850
2023-03-01,24.9,90,7.0,5.25,179356.0,208.0,163987.0,0,0,0,36100,32100,68550
2023-03-02,23.9,95,15.8,5.25,179356.0,208.0,163987.0,0,0,0,36200,32100,68100
2023-03-03,26.0,82,20.5,5.25,179356.0,208.0,163987.0,0,0,0,36400,32150,68200
2023-03-04,24.3,88,1.1,5.25,179356.0,208.0,163987.0,0,0,0,36483,32333,71033
2023-03-05,25.2,87,13.8,5.25,179356.0,208.0,163987.0,0,0,0,36567,32517,73867
2023-03-06,26.1,82,0.3,5.25,179356.0,208.0,163987.0,0,0,0,36650,32700,76700
2023-03-07,25.5,84,0.0,5.25,179356.0,208.0,163987.0,0,0,0,36800,32800,77800
2023-03-08,24.7,88,0.0,5.25,179356.0,208.0,163987.0,0,0,0,36950,33250,77800
2023-03-09,26.7,82,0.0,5.25,179356.0,208.0,163987.0,0,0,0,36950,33500,78200
2023-03-10,25.0,88,0.0,5.25,179356.0,208.0,163987.0,0,0,0,37000,34150,78200
2023-03-11,25.2,89,32.5,5.25,179356.0,208.0,163987.0,0,0,0,36850,34317,78633
2023-03-12,26.0,87,14.2,5.25,179356.0,208.0,163987.0,0,0,0,36700,34483,79067
2023-03-13,25.2,88,0.0,5.25,179356.0,208.0,163987.0,0,0,0,36550,34650,79500
2023-03-14,25.7,89,35.7,5.25,179356.0,208.0,163987.0,0,0,0,36400,34700,78800
2023-03-15,25.0,90,1.2,5.25,179356.0,208.0,163987.0,0,0,0,36450,34800,78350
2023-03-16,25.6,84,0.0,5.25,179356.0,208.0,163987.0,0,0,0,36400,34750,78450
2023-03-17,26.1,83,0.0,5.25,179356.0,208.0,163987.0,0,0,0,36250,34600,78100
2023-03-18,26.6,80,6.0,5.25,179356.0,208.0,163987.0,0,0,0,36233,34583,80100
2023-03-19,26.1,87,24.0,5.25,179356.0,208.0,163987.0,0,0,0,36217,34567,82100
2023-03-20,25.9,88,2.5,5.25,179356.0,208.0,163987.0,0,0,0,36200,34550,84100
2023-03-21,26.1,82,28.7,5.25,179356.0,208.0,163987.0,0,0,0,36400,34450,86800
2023-03-22,27.4,82,2.7,5.25,179356.0,208.0,163987.0,0,0,0,37550,33300,85900
2023-03-23,28.2,83,0.2,5.25,179356.0,208.0,163987.0,0,0,0,36050,34450,86800
2023-03-24,26.1,90,2.1,5.25,179356.0,208.0,163987.0,0,0,0,36850,34350,85950
2023-03-25,25.4,90,68.5,5.25,179356.0,208.0,163987.0,0,0,0,36717,34367,85033
2023-03-26,25.9,90,9.3,5.25,179356.0,208.0,163987.0,0,0,0,36583,34383,84117
2023-03-27,25.2,90,5.7,5.25,179356.0,208.0,163987.0,0,0,0,36450,34400,83200
2023-03-28,0.0,0,30.0,5.25,179356.0,208.0,163987.0,0,0,0,36150,34250,77650
2023-03-29,26.1,86,0.0,5.25,179356.0,208.0,163987.0,0,0,0,36050,34100,73400
2023-03-30,26.2,82,0.3,5.25,179356.0,208.0,163987.0,0,0,0,36000,33950,66200
2023-03-31,26.9,83,3.7,5.25,179356.0,208.0,163987.0,0,0,0,35900,33650,64650
2023-04-01,26.1,82,0.0,4.55,179356.0,208.0,163987.0,0,0,0,35733,33617,62733
2023-04-02,26.2,84,1.7,4.55,179356.0,208.0,163987.0,0,0,0,35567,33583,60817
2023-04-03,0.0,0,0.0,4.55,179356.0,208.0,163987.0,0,0,0,35400,33550,58900
2023-04-04,26.4,81,0.0,4.55,179356.0,208.0,163987.0,0,0,0,35250,33500,57150
2023-04-05,27.5,74,0.0,4.55,179356.0,208.0,163987.0,0,0,0,35150,33500,55400
2023-04-06,26.9,74,0.0,4.55,179356.0,208.0,163987.0,0,0,0,34950,33500,53650
2023-04-07,26.4,78,0.0,4.55,179356.0,208.0,163987.0,0,0,0,36050,32150,51950
2023-04-08,0.0,0,0.0,4.55,179356.0,208.0,163987.0,0,0,0,35700,32617,50450
2023-04-09,0.0,0,0.0,4.55,179356.0,208.0,163987.0,0,0,0,35350,33083,48950
2023-04-10,26.4,86,0.0,4.55,179356.0,208.0,163987.0,0,0,0,35000,33550,47450
2023-04-11,25.9,85,0.0,4.55,179356.0,208.0,163987.0,0,0,0,35050,33500,46350
2023-04-12,26.4,85,2.5,4.55,179356.0,208.0,163987.0,0,0,0,34900,33500,46300
2023-04-13,26.4,82,9.3,4.55,179356.0,208.0,163987.0,0,0,0,35350,33500,45450
2023-04-14,26.5,83,0.0,4.55,179356.0,208.0,163987.0,0,0,0,35700,33550,45450
2023-04-15,27.6,79,0.5,4.55,179356.0,208.0,163987.0,0,0,0,36833,33550,46783
2023-04-16,27.0,84,1.0,4.55,179356.0,208.0,163987.0,0,0,0,37967,33550,48117
2023-04-17,27.6,80,0.0,4.55,179356.0,208.0,163987.0,0,0,0,39100,33550,49450
2023-04-18,27.3,84,0.0,4.55,179356.0,208.0,163987.0,0,0,0,39500,33700,50700
2023-04-19,26.5,88,42.5,4.55,179356.0,208.0,163987.0,0,0,0,39500,33700,50700
2023-04-20,27.0,88,42.3,4.55,179356.0,208.0,163987.0,0,0,0,39500,33700,50700
2023-04-21,26.5,86,17.0,4.55,179356.0,208.0,163987.0,0,0,0,39500,33700,50700
2023-04-22,27.1,84,40.5,4.55,179356.0,208.0,163987.0,0,0,1,39500,33700,50700
2023-04-23,26.3,89,76.0,4.55,179356.0,208.0,163987.0,0,0,0,39500,33700,50700
2023-04-24,26.1,88,69.0,4.55,179356.0,208.0,163987.0,0,0,0,39500,33700,50700
2023-04-25,25.6,90,7.5,4.55,179356.0,208.0,163987.0,0,0,0,39500,33700,50700
2023-04-26,26.6,87,1.0,4.55,179356.0,208.0,163987.0,0,0,0,43700,35150,48800
2023-04-27,26.5,86,0.0,4.55,179356.0,208.0,163987.0,0,0,0,43700,36350,45750
2023-04-28,27.4,86,2.0,4.55,179356.0,208.0,163987.0,0,0,0,43350,36400,42550
2023-04-29,27.5,84,0.0,4.55,179356.0,208.0,163987.0,0,0,0,44217,36617,42883
2023-04-30,27.4,84,0.0,4.55,179356.0,208.0,163987.0,0,0,0,45083,36833,43217
2023-05-01,27.5,84,0.0,4.32,179356.0,208.0,163987.0,0,0,0,45950,37050,43550
2023-05-02,27.1,85,0.0,4.32,179356.0,208.0,163987.0,0,0,0,43100,36550,40000
2023-05-03,26.3,90,11.6,4.32,179356.0,208.0,163987.0,0,0,0,43150,36550,39050
2023-05-04,26.8,88,68.1,4.32,179356.0,208.0,163987.0,0,0,0,43800,36350,38550
2023-05-05,27.3,86,0.0,4.32,179356.0,208.0,163987.0,0,0,0,43800,36650,38300
2023-05-06,27.3,84,0.2,4.32,179356.0,208.0,163987.0,0,0,0,43733,36850,38350
2023-05-07,26.5,90,0.0,4.32,179356.0,208.0,163987.0,0,0,0,43667,37050,38400
2023-05-08,26.3,90,58.8,4.32,179356.0,208.0,163987.0,0,0,0,43600,37250,38450
2023-05-09,28.2,80,26.9,4.32,179356.0,208.0,163987.0,0,0,0,43400,37350,38200
2023-05-10,28.3,80,0.0,4.32,179356.0,208.0,163987.0,0,0,0,44450,37350,38400
2023-05-11,26.8,86,0.0,4.32,179356.0,208.0,163987.0,0,0,0,44800,37450,38950
2023-05-12,28.4,76,0.0,4.32,179356.0,208.0,163987.0,0,0,0,44850,37650,38950
2023-05-13,26.7,87,0.0,4.32,179356.0,208.0,163987.0,0,0,0,44667,37800,38817
2023-05-14,27.5,74,12.8,4.32,179356.0,208.0,163987.0,0,0,0,44483,37950,38683
2023-05-15,26.9,79,0.0,4.32,179356.0,208.0,163987.0,0,0,0,44300,38100,38550
2023-05-16,27.2,74,0.0,4.32,179356.0,208.0,163987.0,0,0,0,44100,38150,38400
2023-05-17,26.8,78,0.0,4.32,179356.0,208.0,163987.0,0,0,0,44500,38350,38850
2023-05-18,27.1,80,0.0,4.32,179356.0,208.0,163987.0,0,0,0,44500,38350,38850
2023-05-19,26.8,84,0.0,4.32,179356.0,208.0,163987.0,0,0,0,44250,38550,40150
2023-05-20,27.6,82,0.2,4.32,179356.0,208.0,163987.0,0,0,0,44183,38500,43083
2023-05-21,26.9,86,1.0,4.32,179356.0,208.0,163987.0,0,0,0,44117,38450,46017
2023-05-22,26.4,83,3.0,4.32,179356.0,208.0,163987.0,0,0,0,44050,38400,48950
2023-05-23,27.2,79,1.3,4.32,179356.0,208.0,163987.0,0,0,0,44300,38450,50200
2023-05-24,27.0,82,0.0,4.32,179356.0,208.0,163987.0,0,0,0,44200,38700,50300
2023-05-25,25.9,84,0.0,4.32,179356.0,208.0,163987.0,0,0,0,44150,38700,48150
2023-05-26,27.5,80,55.0,4.32,179356.0,208.0,163987.0,0,0,0,43700,38700,48000
2023-05-27,26.6,87,26.5,4.32,179356.0,208.0,163987.0,0,0,0,43583,38717,47800
2023-05-28,27.1,82,0.0,4.32,179356.0,208.0,163987.0,0,0,0,43467,38733,47600
2023-05-29,27.1,84,0.0,4.32,179356.0,208.0,163987.0,0,0,0,43350,38750,47400
2023-05-30,26.7,82,0.0,4.32,179356.0,208.0,163987.0,0,0,0,43300,38800,47800
2023-05-31,27.4,76,28.8,4.32,179356.0,208.0,163987.0,0,0,0,42800,38800,47800
2023-06-01,26.8,76,0.0,3.88,179356.0,208.0,163987.0,0,0,0,42800,38800,47800
2023-06-02,27.4,81,0.0,3.88,179356.0,208.0,163987.0,0,0,0,42800,38800,47800
2023-06-03,27.7,83,0.0,3.88,179356.0,208.0,163987.0,0,0,0,42750,38817,47817
2023-06-04,26.6,84,59.3,3.88,179356.0,208.0,163987.0,0,0,0,42700,38833,47833
2023-06-05,26.1,86,0.3,3.88,179356.0,208.0,163987.0,0,0,0,42650,38850,47850
2023-06-06,25.7,91,34.2,3.88,179356.0,208.0,163987.0,0,0,0,42450,38600,47600
2023-06-07,26.7,83,0.4,3.88,179356.0,208.0,163987.0,0,0,0,42450,38450,47550
2023-06-08,26.9,82,3.5,3.88,179356.0,208.0,163987.0,0,0,0,42550,38450,47300
2023-06-09,26.5,81,0.0,3.88,179356.0,208.0,163987.0,0,0,0,42550,38450,47150
2023-06-10,26.1,86,13.3,3.88,179356.0,208.0,163987.0,0,0,0,42417,38483,47067
2023-06-11,26.8,78,0.0,3.88,179356.0,208.0,163987.0,0,0,0,42283,38517,46983
2023-06-12,27.5,79,0.0,3.88,179356.0,208.0,163987.0,0,0,0,42150,38550,46900
2023-06-13,26.9,84,0.0,3.88,179356.0,208.0,163987.0,0,0,0,42100,38650,46850
2023-06-14,25.4,89,15.7,3.88,179356.0,208.0,163987.0,0,0,0,41800,38650,46700
2023-06-15,27.2,81,16.5,3.88,179356.0,208.0,163987.0,0,0,0,41850,38550,46700
2023-06-16,24.5,95,2.6,3.88,179356.0,208.0,163987.0,0,0,0,41800,38600,46300
2023-06-17,25.9,86,10.1,3.88,179356.0,208.0,163987.0,0,0,0,41683,38600,45917
2023-06-18,26.3,86,0.0,3.88,179356.0,208.0,163987.0,0,0,0,41567,38600,45533
2023-06-19,25.7,91,73.7,3.88,179356.0,208.0,163987.0,0,0,0,41450,38600,45150
2023-06-20,26.9,80,15.1,3.88,179356.0,208.0,163987.0,0,0,0,41150,38500,44350
2023-06-21,26.8,84,0.0,3.88,179356.0,208.0,163987.0,0,0,0,41350,38550,43600
2023-06-22,27.7,80,3.6,3.88,179356.0,208.0,163987.0,0,0,0,41550,38600,43650
2023-06-23,27.2,83,14.3,3.88,179356.0,208.0,163987.0,0,0,0,41550,38600,42850
2023-06-24,26.7,87,0.4,3.88,179356.0,208.0,163987.0,0,0,0,41583,38600,43567
2023-06-25,25.7,86,7.0,3.88,179356.0,208.0,163987.0,0,0,0,41617,38600,44283
2023-06-26,25.9,0,1.0,3.88,179356.0,208.0,163987.0,0,0,0,41650,38600,45000
2023-06-27,25.9,84,0.0,3.88,179356.0,208.0,163987.0,0,0,0,41850,38700,45550
2023-06-28,26.8,78,0.0,3.88,179356.0,208.0,163987.0,0,0,0,42450,38450,44300
2023-06-29,26.5,85,23.5,3.88,179356.0,208.0,163987.0,0,0,0,42450,38450,44300
2023-06-30,27.1,82,16.2,3.88,179356.0,208.0,163987.0,0,0,0,42450,38450,44300
2023-07-01,26.6,85,0.0,3.46,179356.0,208.0,163987.0,0,0,0,42400,38783,43917
2023-07-02,26.5,80,0.6,3.46,179356.0,208.0,163987.0,0,0,0,42350,39117,43533
2023-07-03,26.8,81,0.0,3.46,179356.0,208.0,163987.0,0,0,0,42300,39450,43150
2023-07-04,26.1,81,0.0,3.46,179356.0,208.0,163987.0,0,0,0,42050,40550,42850
2023-07-05,26.7,80,0.0,3.46,179356.0,208.0,163987.0,0,0,0,41650,40700,41300
2023-07-06,25.8,90,6.6,3.46,179356.0,208.0,163987.0,0,0,0,40700,40850,40200
2023-07-07,24.8,90,0.0,3.46,179356.0,208.0,163987.0,0,0,0,39950,40900,39750
2023-07-08,25.3,88,58.0,3.46,179356.0,208.0,163987.0,0,0,0,39067,40967,39733
2023-07-09,26.0,82,20.8,3.46,179356.0,208.0,163987.0,0,0,0,38183,41033,39717
2023-07-10,26.5,80,0.0,3.46,179356.0,208.0,163987.0,0,0,0,37300,41100,39700
2023-07-11,26.1,80,0.0,3.46,179356.0,208.0,163987.0,0,0,0,36250,41150,39650
2023-07-12,26.8,82,0.0,3.46,179356.0,208.0,163987.0,0,0,0,35800,41200,39250
2023-07-13,26.6,80,43.6,3.46,179356.0,208.0,163987.0,0,0,0,35150,41150,39050
2023-07-14,26.1,83,0.5,3.46,179356.0,208.0,163987.0,0,0,0,34650,41100,38800
2023-07-15,27.0,79,0.0,3.46,179356.0,208.0,163987.0,0,0,0,34217,41183,38717
2023-07-16,26.7,80,0.0,3.46,179356.0,208.0,163987.0,0,0,0,33783,41267,38633
2023-07-17,26.7,77,4.3,3.46,179356.0,208.0,163987.0,0,0,0,33350,41350,38550
2023-07-18,26.2,74,0.0,3.46,179356.0,208.0,163987.0,0,0,0,32550,41100,37150
2023-07-19,26.2,72,0.0,3.46,179356.0,208.0,163987.0,0,0,0,32550,41100,37150
2023-07-20,25.7,72,0.0,3.46,179356.0,208.0,163987.0,0,0,0,31950,41350,37600
2023-07-21,26.7,75,0.0,3.46,179356.0,208.0,163987.0,0,0,0,31850,41550,37100
2023-07-22,27.1,74,0.0,3.46,179356.0,208.0,163987.0,0,0,0,31767,41500,37117
2023-07-23,26.6,80,0.0,3.46,179356.0,208.0,163987.0,0,0,0,31683,41450,37133
2023-07-24,26.1,83,0.0,3.46,179356.0,208.0,163987.0,0,0,0,31600,41400,37150
2023-07-25,25.8,83,0.0,3.46,179356.0,208.0,163987.0,0,0,0,31200,41450,37550
2023-07-26,26.8,80,0.0,3.46,179356.0,208.0,163987.0,0,0,0,31100,41400,38200
2023-07-27,26.9,78,0.0,3.46,179356.0,208.0,163987.0,0,0,0,30950,41500,38400
2023-07-28,26.5,77,0.0,3.46,179356.0,208.0,163987.0,0,0,0,30550,41750,39050
2023-07-29,26.5,74,0.0,3.46,179356.0,208.0,163987.0,0,0,0,30550,41717,39850
2023-07-30,26.5,73,0.0,3.46,179356.0,208.0,163987.0,0,0,0,30550,41683,40650
2023-07-31,0.0,0,0.0,3.46,179356.0,208.0,163987.0,0,0,0,30550,41650,41450
2023-08-01,25.7,74,0.0,3.47,179356.0,208.0,163987.0,0,0,0,30550,41600,42200
2023-08-02,26.9,78,0.0,3.47,179356.0,208.0,163987.0,0,0,0,30600,41600,43050
2023-08-03,26.1,85,0.0,3.47,179356.0,208.0,163987.0,0,0,0,30600,41550,43400
2023-08-04,26.5,82,20.4,3.47,179356.0,208.0,163987.0,0,0,0,30600,41550,44550
2023-08-05,26.8,76,3.9,3.47,179356.0,208.0,163987.0,0,0,0,30583,41467,44833
2023-08-06,26.6,78,0.0,3.47,179356.0,208.0,163987.0,0,0,0,30567,41383,45117
2023-08-07,26.7,80,0.0,3.47,179356.0,208.0,163987.0,0,0,0,30550,41300,45400
2023-08-08,27.9,74,0.0,3.47,179356.0,208.0,163987.0,0,0,0,30600,41250,45450
2023-08-09,26.8,77,0.5,3.47,179356.0,208.0,163987.0,0,0,0,30350,41250,45750
2023-08-10,26.7,76,0.0,3.47,179356.0,208.0,163987.0,0,0,0,30250,41100,47150
2023-08-11,26.4,78,0.0,3.47,179356.0,208.0,163987.0,0,0,0,30100,41000,47400
2023-08-12,25.7,74,0.0,3.47,179356.0,208.0,163987.0,0,0,0,29933,40950,48083
2023-08-13,25.2,78,0.0,3.47,179356.0,208.0,163987.0,0,0,0,29767,40900,48767
2023-08-14,25.9,74,0.0,3.47,179356.0,208.0,163987.0,0,0,0,29600,40850,49450
2023-08-15,26.3,74,0.0,3.47,179356.0,208.0,163987.0,0,0,0,29550,40700,49450
2023-08-16,26.0,74,1.7,3.47,179356.0,208.0,163987.0,0,0,0,29050,40800,49700
2023-08-17,26.2,74,0.0,3.47,179356.0,208.0,163987.0,0,0,0,29050,40800,49700
2023-08-18,26.4,73,0.0,3.47,179356.0,208.0,163987.0,0,0,0,28850,40800,50250
2023-08-19,26.7,73,0.0,3.47,179356.0,208.0,163987.0,0,0,0,28800,40783,50650
2023-08-20,27.1,76,0.0,3.47,179356.0,208.0,163987.0,0,0,0,28750,40767,51050
2023-08-21,26.2,75,5.8,3.47,179356.0,208.0,163987.0,0,0,0,28700,40750,51450
2023-08-22,25.6,77,0.0,3.47,179356.0,208.0,163987.0,0,0,0,28650,40700,51350
2023-08-23,26.6,75,0.0,3.47,179356.0,208.0,163987.0,0,0,0,28150,40700,50350
2023-08-24,27.2,74,0.0,3.47,179356.0,208.0,163987.0,0,0,0,27750,40800,50300
2023-08-25,27.0,79,0.0,3.47,179356.0,208.0,163987.0,0,0,0,27400,40700,49400
2023-08-26,27.1,78,0.0,3.47,179356.0,208.0,163987.0,0,0,0,27367,40617,48750
2023-08-27,25.4,84,0.0,3.47,179356.0,208.0,163987.0,0,0,0,27333,40533,48100
2023-08-28,25.7,81,112.4,3.47,179356.0,208.0,163987.0,0,0,0,27300,40450,47450
2023-08-29,26.1,72,0.0,3.47,179356.0,208.0,163987.0,0,0,0,27200,40350,47100
2023-08-30,26.0,71,0.0,3.47,179356.0,208.0,163987.0,0,0,0,27100,40300,46850
2023-08-31,26.4,72,0.0,3.47,179356.0,208.0,163987.0,0,0,0,26750,40200,45600
2023-09-01,26.7,68,0.0,2.35,179356.0,208.0,163987.0,0,0,0,26450,40250,44950
2023-09-02,26.8,72,0.0,2.35,179356.0,208.0,163987.0,0,0,0,26350,40233,44050
2023-09-03,26.4,68,0.0,2.35,179356.0,208.0,163987.0,0,0,0,26250,40217,43150
2023-09-04,25.8,64,0.0,2.35,179356.0,208.0,163987.0,0,0,0,26150,40200,42250
2023-09-05,25.8,66,0.0,2.35,179356.0,208.0,163987.0,0,0,0,26200,40200,42150
2023-09-06,0.0,0,0.0,2.35,179356.0,208.0,163987.0,0,0,0,25900,40150,41050
2023-09-07,27.1,72,0.0,2.35,179356.0,208.0,163987.0,0,0,0,25850,40150,40700
2023-09-08,26.0,78,27.0,2.35,179356.0,208.0,163987.0,0,0,0,25750,40150,40100
2023-09-09,26.4,77,5.6,2.35,179356.0,208.0,163987.0,0,0,0,25700,40133,40067
2023-09-10,26.2,72,0.0,2.35,179356.0,208.0,163987.0,0,0,0,25650,40117,40033
2023-09-11,26.3,72,0.0,2.35,179356.0,208.0,163987.0,0,0,0,25600,40100,40000
2023-09-12,26.9,72,0.0,2.35,179356.0,208.0,163987.0,0,0,0,25550,39700,39350
2023-09-13,27.6,72,0.0,2.35,179356.0,208.0,163987.0,0,0,0,25400,39700,39300
2023-09-14,27.0,68,0.0,2.35,179356.0,208.0,163987.0,0,0,0,25600,39700,39050
2023-09-15,27.0,70,0.0,2.35,179356.0,208.0,163987.0,0,0,0,25350,39600,40100
2023-09-16,27.4,70,0.0,2.35,179356.0,208.0,163987.0,0,0,0,25267,39433,40100
2023-09-17,27.2,74,0.0,2.35,179356.0,208.0,163987.0,0,0,0,25183,39267,40100
2023-09-18,27.8,73,0.0,2.35,179356.0,208.0,163987.0,0,0,0,25100,39100,40100
2023-09-19,26.8,81,0.0,2.35,179356.0,208.0,163987.0,0,0,0,25150,39050,39950
2023-09-20,25.9,83,15.6,2.35,179356.0,208.0,163987.0,0,0,0,25100,39150,39600
2023-09-21,26.5,81,4.2,2.35,179356.0,208.0,163987.0,0,0,0,25150,39050,39550
2023-09-22,26.6,72,9.2,2.35,179356.0,208.0,163987.0,0,0,0,25100,39050,39200
2023-09-23,26.7,70,0.0,2.35,179356.0,208.0,163987.0,0,0,0,24967,38900,39483
2023-09-24,26.2,78,0.0,2.35,179356.0,208.0,163987.0,0,0,0,24833,38750,39767
2023-09-25,26.8,73,0.6,2.35,179356.0,208.0,163987.0,0,0,0,24700,38600,40050
2023-09-26,27.7,68,0.0,2.35,179356.0,208.0,163987.0,0,0,0,24600,38600,40900
2023-09-27,27.1,64,0.0,2.35,179356.0,208.0,163987.0,0,0,0,24400,38550,41150
2023-09-28,27.3,65,0.0,2.35,179356.0,208.0,163987.0,0,0,0,24400,38550,41150
2023-09-29,27.9,64,0.0,2.35,179356.0,208.0,163987.0,0,0,0,24450,38550,42400
2023-09-30,27.0,70,0.0,2.35,179356.0,208.0,163987.0,0,0,0,24583,38633,42883
2023-10-01,27.2,78,25.1,2.58,179356.0,208.0,163987.0,0,0,0,24717,38717,43367
2023-10-02,27.0,74,0.0,2.58,179356.0,208.0,163987.0,0,0,0,24850,38800,43850
2023-10-03,27.3,72,0.2,2.58,179356.0,208.0,163987.0,0,0,0,24900,38850,44650
2023-10-04,27.5,72,0.0,2.58,179356.0,208.0,163987.0,0,0,0,24950,38850,44400
2023-10-05,27.8,77,0.0,2.58,179356.0,208.0,163987.0,0,0,0,24900,38800,44150
2023-10-06,27.1,76,0.0,2.58,179356.0,208.0,163987.0,0,0,0,24400,38550,45200
2023-10-07,27.6,77,7.0,2.58,179356.0,208.0,163987.0,0,0,0,24500,38550,46667
2023-10-08,28.0,71,0.0,2.58,179356.0,208.0,163987.0,0,0,0,24600,38550,48133
2023-10-09,28.2,72,0.0,2.58,179356.0,208.0,163987.0,0,0,0,24700,38550,49600
2023-10-10,28.2,74,0.0,2.58,179356.0,208.0,163987.0,0,0,0,24850,38700,50250
2023-10-11,28.3,73,2.5,2.58,179356.0,208.0,163987.0,0,0,0,24850,38750,50350
2023-10-12,28.3,73,0.0,2.58,179356.0,208.0,163987.0,0,0,0,24700,38750,50350
2023-10-13,27.7,74,0.0,2.58,179356.0,208.0,163987.0,0,0,0,24700,38750,50400
2023-10-14,27.2,78,0.0,2.58,179356.0,208.0,163987.0,0,0,0,24583,38733,52250
2023-10-15,28.1,74,4.2,2.58,179356.0,208.0,163987.0,0,0,0,24467,38717,54100
2023-10-16,28.9,69,0.0,2.58,179356.0,208.0,163987.0,0,0,0,24350,38700,55950
2023-10-17,29.3,66,1.0,2.58,179356.0,208.0,163987.0,0,0,0,24100,38700,56850
2023-10-18,28.3,65,0.0,2.58,179356.0,208.0,163987.0,0,0,0,24050,38400,57800
2023-10-19,27.5,70,0.0,2.58,179356.0,208.0,163987.0,0,0,0,23700,38400,57450
2023-10-20,27.7,74,0.0,2.58,179356.0,208.0,163987.0,0,0,0,23650,38600,58150
2023-10-21,27.1,81,0.5,2.58,179356.0,208.0,163987.0,0,0,0,23617,38583,60650
2023-10-22,28.1,77,5.3,2.58,179356.0,208.0,163987.0,0,0,0,23583,38567,63150
2023-10-23,27.3,70,0.0,2.58,179356.0,208.0,163987.0,0,0,0,23550,38550,65650
2023-10-24,27.0,74,0.0,2.58,179356.0,208.0,163987.0,0,0,0,23500,38550,68200
2023-10-25,26.3,84,2.2,2.58,179356.0,208.0,163987.0,0,0,0,23500,38450,69950
2023-10-26,27.0,83,44.5,2.58,179356.0,208.0,163987.0,0,0,0,23500,38450,72200
2023-10-27,27.6,80,9.6,2.58,179356.0,208.0,163987.0,0,0,0,23750,38450,75500
2023-10-28,28.4,66,0.0,2.58,179356.0,208.0,163987.0,0,0,0,24183,38450,77817
2023-10-29,27.8,67,0.0,2.58,179356.0,208.0,163987.0,0,0,0,24617,38450,80133
2023-10-30,28.7,70,0.0,2.58,179356.0,208.0,163987.0,0,0,0,25050,38450,82450
2023-10-31,26.9,81,0.0,2.58,179356.0,208.0,163987.0,0,0,0,25700,38450,84100
2023-11-01,26.1,86,78.6,2.85,179356.0,208.0,163987.0,0,0,0,26450,38450,85550
2023-11-02,26.9,84,68.9,2.85,179356.0,208.0,163987.0,0,0,0,26900,38300,84850
2023-11-03,26.6,84,9.2,2.85,179356.0,208.0,163987.0,0,0,0,28050,38200,85350
2023-11-04,26.1,87,74.2,2.85,179356.0,208.0,163987.0,0,0,0,28600,38217,85883
2023-11-05,25.6,90,109.0,2.85,179356.0,208.0,163987.0,0,0,0,29150,38233,86417
2023-11-06,27.8,81,14.7,2.85,179356.0,208.0,163987.0,0,0,0,29700,38250,86950
2023-11-07,28.3,77,0.0,2.85,179356.0,208.0,163987.0,0,0,0,29800,38250,87200
2023-11-08,27.9,80,0.0,2.85,179356.0,208.0,163987.0,0,0,0,30400,38250,87150
2023-11-09,26.3,85,2.1,2.85,179356.0,208.0,163987.0,0,0,0,31100,38250,87650
2023-11-10,27.4,81,72.0,2.85,179356.0,208.0,163987.0,0,0,0,31250,38150,87350
2023-11-11,27.0,82,0.4,2.85,179356.0,208.0,163987.0,0,0,0,31433,38167,87167
2023-11-12,26.1,85,8.3,2.85,179356.0,208.0,163987.0,0,0,0,31617,38183,86983
2023-11-13,27.7,81,41.0,2.85,179356.0,208.0,163987.0,0,0,0,31800,38200,86800
2023-11-14,26.5,86,19.0,2.85,179356.0,208.0,163987.0,0,0,0,31850,37950,86350
2023-11-15,27.2,84,58.1,2.85,179356.0,208.0,163987.0,0,0,0,31900,37850,86250
2023-11-16,26.6,84,7.7,2.85,179356.0,208.0,163987.0,0,0,0,31700,37650,85100
2023-11-17,27.2,86,37.5,2.85,179356.0,208.0,163987.0,0,0,0,31700,37650,85900
2023-11-18,26.9,84,39.0,2.85,179356.0,208.0,163987.0,0,0,0,31833,37583,87617
2023-11-19,28.4,77,7.0,2.85,179356.0,208.0,163987.0,0,0,0,31967,37517,89333
2023-11-20,28.0,80,0.0,2.85,179356.0,208.0,163987.0,0,0,0,32100,37450,91050
2023-11-21,27.1,82,34.7,2.85,179356.0,208.0,163987.0,0,0,0,32150,37600,97150
2023-11-22,27.4,82,68.4,2.85,179356.0,208.0,163987.0,0,0,0,32150,37550,97250
2023-11-23,27.3,83,30.4,2.85,179356.0,208.0,163987.0,0,0,0,32150,37550,96900
2023-11-24,26.7,87,0.0,2.85,179356.0,208.0,163987.0,0,0,0,32500,37550,95950
2023-11-25,24.8,91,52.9,2.85,179356.0,208.0,163987.0,0,0,0,32483,37567,96600
2023-11-26,26.3,85,1.1,2.85,179356.0,208.0,163987.0,0,0,0,32467,37583,97250
2023-11-27,26.0,88,83.0,2.85,179356.0,208.0,163987.0,0,0,0,32450,37600,97900
2023-11-28,26.4,85,0.0,2.85,179356.0,208.0,163987.0,0,0,0,32450,37400,98150
2023-11-29,26.7,83,2.8,2.85,179356.0,208.0,163987.0,0,0,0,32500,37400,98200
2023-11-30,26.1,89,148.0,2.85,179356.0,208.0,163987.0,0,0,0,32500,37400,98350
2023-12-01,25.6,90,65.4,2.48,179356.0,208.0,163987.0,0,0,0,32500,37400,98350
2023-12-02,27.1,83,0.0,2.48,179356.0,208.0,163987.0,0,0,0,32817,37333,99033
2023-12-03,26.4,85,3.5,2.48,179356.0,208.0,163987.0,0,0,0,33133,37267,99717
2023-12-04,24.9,90,55.8,2.48,179356.0,208.0,163987.0,0,0,0,33450,37200,100400
2023-12-05,26.9,80,0.0,2.48,179356.0,208.0,163987.0,0,0,0,33850,37800,100500
2023-12-06,26.6,85,27.5,2.48,179356.0,208.0,163987.0,0,0,0,34100,37900,100550
2023-12-07,27.3,83,10.8,2.48,179356.0,208.0,163987.0,0,0,0,34450,38050,101050
2023-12-08,27.0,87,27.7,2.48,179356.0,208.0,163987.0,0,0,0,34650,37900,101250
2023-12-09,26.8,85,8.0,2.48,179356.0,208.0,163987.0,0,0,0,34700,37950,101117
2023-12-10,27.3,83,31.4,2.48,179356.0,208.0,163987.0,0,0,0,34750,38000,100983
2023-12-11,27.1,84,0.2,2.48,179356.0,208.0,163987.0,0,0,0,34800,38050,100850
2023-12-12,27.5,79,31.2,2.48,179356.0,208.0,163987.0,0,0,0,34700,38150,100550
2023-12-13,27.8,78,0.0,2.48,179356.0,208.0,163987.0,0,0,0,34600,38350,99450
2023-12-14,28.2,73,7.1,2.48,179356.0,208.0,163987.0,0,0,0,34650,38400,99050
2023-12-15,28.6,70,0.0,2.48,179356.0,208.0,163987.0,0,0,0,34650,38500,98200
2023-12-16,28.2,73,0.0,2.48,179356.0,208.0,163987.0,0,0,0,34917,38683,95600
2023-12-17,27.9,76,0.0,2.48,179356.0,208.0,163987.0,0,0,0,35183,38867,93000
2023-12-18,28.0,75,0.0,2.48,179356.0,208.0,163987.0,0,0,0,35450,39050,90400
2023-12-19,27.9,66,0.0,2.48,179356.0,208.0,163987.0,0,0,0,35900,39600,88750
2023-12-20,27.3,64,0.0,2.48,179356.0,208.0,163987.0,0,0,0,36350,39700,87100
2023-12-21,27.6,67,0.0,2.48,179356.0,208.0,163987.0,0,0,0,36500,39800,84650
2023-12-22,28.1,70,0.0,2.48,179356.0,208.0,163987.0,0,0,0,37300,39850,84650
2023-12-23,28.7,72,0.0,2.48,179356.0,208.0,163987.0,0,0,0,37590,39890,84260
2023-12-24,27.6,81,0.0,2.48,179356.0,208.0,163987.0,0,0,0,37880,39930,83870
2023-12-25,27.0,83,73.0,2.48,179356.0,208.0,163987.0,0,1,0,38170,39970,83480
2023-12-26,26.6,84,0.0,2.48,179356.0,208.0,163987.0,0,0,0,38460,40010,83090
2023-12-27,26.8,83,0.5,2.48,179356.0,208.0,163987.0,0,0,0,38750,40050,82700
2023-12-28,27.1,83,3.8,2.48,179356.0,208.0,163987.0,0,0,0,39350,40050,83450
2023-12-29,26.7,89,74.5,2.48,179356.0,208.0,163987.0,0,0,0,39900,40150,84450
2023-12-30,25.7,92,44.7,2.48,179356.0,208.0,163987.0,0,0,0,39900,40150,84450
2023-12-31,26.2,87,98.5,2.48,179356.0,208.0,163987.0,0,0,0,39900,40150,84450
2024-01-01,27.5,85,16.4,3.02,199893.0,343.0,163757.0,1,0,0,39900,40150,84450
2024-01-02,27.2,86,1.5,3.02,199893.0,343.0,163757.0,0,0,0,41150,40250,86350
2024-01-03,26.4,90,13.7,3.02,199893.0,343.0,163757.0,0,0,0,41100,40300,87350
2024-01-04,25.6,91,1.0,3.02,199893.0,343.0,163757.0,0,0,0,40250,40350,86100
2024-01-05,27.2,82,5.2,3.02,199893.0,343.0,163757.0,0,0,0,40350,40350,85600
2024-01-06,26.1,87,0.0,3.02,199893.0,343.0,163757.0,0,0,0,39983,40317,81833
2024-01-07,25.3,90,2.8,3.02,199893.0,343.0,163757.0,0,0,0,39617,40283,78067
2024-01-08,26.1,87,19.0,3.02,199893.0,343.0,163757.0,0,0,0,39250,40250,74300
2024-01-09,27.5,82,3.9,3.02,199893.0,343.0,163757.0,0,0,0,38600,40350,71650
2024-01-10,26.2,88,3.5,3.02,199893.0,343.0,163757.0,0,0,0,37650,40600,69150
2024-01-11,25.7,92,35.0,3.02,199893.0,343.0,163757.0,0,0,0,37550,40700,66950
2024-01-12,26.0,88,20.8,3.02,199893.0,343.0,163757.0,0,0,0,36050,40750,64250
2024-01-13,26.4,85,0.0,3.02,199893.0,343.0,163757.0,0,0,0,35767,40750,63767
2024-01-14,26.5,85,10.6,3.02,199893.0,343.0,163757.0,0,0,0,35483,40750,63283
2024-01-15,27.2,82,7.0,3.02,199893.0,343.0,163757.0,0,0,0,35200,40750,62800
2024-01-16,27.6,80,0.0,3.02,199893.0,343.0,163757.0,0,0,0,34800,40750,61250
2024-01-17,25.5,91,0.0,3.02,199893.0,343.0,163757.0,0,0,0,33950,40450,60150
2024-01-18,26.5,86,3.7,3.02,199893.0,343.0,163757.0,0,0,0,33550,40400,59950
2024-01-19,23.7,94,26.9,3.02,199893.0,343.0,163757.0,0,0,0,33600,40400,59200
2024-01-20,27.0,70,32.5,3.02,199893.0,343.0,163757.0,0,0,0,33350,40433,58667
2024-01-21,25.9,88,0.0,3.02,199893.0,343.0,163757.0,0,0,0,33100,40467,58133
2024-01-22,27.2,73,6.0,3.02,199893.0,343.0,163757.0,0,0,0,32850,40500,57600
2024-01-23,26.4,81,2.6,3.02,199893.0,343.0,163757.0,0,0,0,32600,40600,56750
2024-01-24,26.3,83,0.5,3.02,199893.0,343.0,163757.0,0,0,0,32300,40350,55050
2024-01-25,27.9,79,19.5,3.02,199893.0,343.0,163757.0,0,0,0,32200,40200,54050
2024-01-26,27.1,84,0.0,3.02,199893.0,343.0,163757.0,0,0,0,32200,40250,53050
2024-01-27,25.1,94,3.7,3.02,199893.0,343.0,163757.0,0,0,0,31867,40250,52150
2024-01-28,24.9,92,32.9,3.02,199893.0,343.0,163757.0,0,0,0,31533,40250,51250
2024-01-29,25.5,92,65.7,3.02,199893.0,343.0,163757.0,0,0,0,31200,40250,50350
2024-01-30,25.4,92,8.7,3.02,199893.0,343.0,163757.0,0,0,0,30700,40300,49900
2024-01-31,25.2,90,50.7,3.02,199893.0,343.0,163757.0,0,0,0,30750,40150,49200
2024-02-01,25.4,89,1.3,3.09,199893.0,343.0,163757.0,0,0,0,30400,40050,49300
2024-02-02,27.2,82,24.3,3.09,199893.0,343.0,163757.0,0,0,0,30650,40050,48600
2024-02-03,25.6,90,10.5,3.09,199893.0,343.0,163757.0,0,0,0,30717,40067,49350
2024-02-04,26.2,86,1.7,3.09,199893.0,343.0,163757.0,0,0,0,30783,40083,50100
2024-02-05,26.5,84,4.2,3.09,199893.0,343.0,163757.0,0,0,0,30850,40100,50850
2024-02-06,24.6,91,1.5,3.09,199893.0,343.0,163757.0,0,0,0,31000,40100,50700
2024-02-07,25.0,90,3.2,3.09,199893.0,343.0,163757.0,0,0,0,30850,39900,49750
2024-02-08,27.4,78,25.0,3.09,199893.0,343.0,163757.0,0,0,0,30850,39900,49750
2024-02-09,28.3,77,0.0,3.09,199893.0,343.0,163757.0,0,0,0,30850,39900,49750
2024-02-10,25.4,90,0.0,3.09,199893.0,343.0,163757.0,0,0,0,30883,39750,50617
2024-02-11,25.7,88,3.1,3.09,199893.0,343.0,163757.0,0,0,0,30917,39600,51483
2024-02-12,27.1,83,38.7,3.09,199893.0,343.0,163757.0,0,0,0,30950,39450,52350
2024-02-13,28.3,80,0.0,3.09,199893.0,343.0,163757.0,0,0,0,30800,39350,52800
2024-02-14,27.3,86,10.1,3.09,199893.0,343.0,163757.0,0,0,0,30800,39350,52800
2024-02-15,26.8,89,3.0,3.09,199893.0,343.0,163757.0,0,0,0,31800,39350,58550
2024-02-16,26.3,91,9.0,3.09,199893.0,343.0,163757.0,0,0,0,31800,39300,72700
2024-02-17,25.8,91,3.6,3.09,199893.0,343.0,163757.0,0,0,0,32117,39400,73000
2024-02-18,25.9,89,14.4,3.09,199893.0,343.0,163757.0,0,0,0,32433,39500,73300
2024-02-19,27.1,86,3.7,3.09,199893.0,343.0,163757.0,0,0,0,32750,39600,73600
2024-02-20,27.3,84,0.0,3.09,199893.0,343.0,163757.0,0,0,0,32800,39650,75300
2024-02-21,26.9,87,64.0,3.09,199893.0,343.0,163757.0,0,0,0,33150,39650,76800
2024-02-22,28.2,82,0.6,3.09,199893.0,343.0,163757.0,0,0,0,33000,39750,79450
2024-02-23,28.5,78,0.0,3.09,199893.0,343.0,163757.0,0,0,0,33100,39950,84600
2024-02-24,27.8,83,0.0,3.09,199893.0,343.0,163757.0,0,0,0,33133,39933,83067
2024-02-25,26.9,86,4.8,3.09,199893.0,343.0,163757.0,0,0,0,33167,39917,81533
2024-02-26,26.9,85,0.0,3.09,199893.0,343.0,163757.0,0,0,0,33200,39900,80000
2024-02-27,26.9,83,0.0,3.09,199893.0,343.0,163757.0,0,0,0,33350,39850,77700
2024-02-28,26.2,89,1.1,3.09,199893.0,343.0,163757.0,0,0,0,33350,40050,78150
2024-02-29,24.8,93,5.0,3.09,199893.0,343.0,163757.0,0,0,0,33300,40100,77200
2024-03-01,25.7,89,3.7,3.48,199893.0,343.0,163757.0,0,0,0,33600,40100,76000
2024-03-02,25.6,94,25.0,3.48,199893.0,343.0,163757.0,0,0,0,33583,40250,75567
2024-03-03,25.5,91,57.0,3.48,199893.0,343.0,163757.0,0,0,0,33567,40400,75133
2024-03-04,26.7,86,30.4,3.48,199893.0,343.0,163757.0,0,0,0,33550,40550,74700
2024-03-05,26.9,88,0.7,3.48,199893.0,343.0,163757.0,0,0,0,33550,40550,73100
2024-03-06,26.6,87,0.8,3.48,199893.0,343.0,163757.0,0,0,0,33600,40650,73500
2024-03-07,26.6,88,40.2,3.48,199893.0,343.0,163757.0,0,0,0,33450,40350,72200
2024-03-08,26.1,88,65.2,3.48,199893.0,343.0,163757.0,0,0,0,33500,40350,71150
2024-03-09,25.0,91,18.8,3.48,199893.0,343.0,163757.0,0,0,0,33500,40350,71150
2024-03-10,26.9,88,4.0,3.48,199893.0,343.0,163757.0,0,0,0,33500,40350,71150
2024-03-11,26.4,90,2.0,3.48,199893.0,343.0,163757.0,0,0,0,33500,40350,71150
2024-03-12,26.4,86,10.7,3.48,199893.0,343.0,163757.0,0,0,0,33500,40350,71150
2024-03-13,26.2,91,10.2,3.48,199893.0,343.0,163757.0,0,0,0,34250,41950,73850
2024-03-14,25.0,92,27.3,3.48,199893.0,343.0,163757.0,0,0,0,34200,42200,74250
2024-03-15,24.8,90,38.6,3.48,199893.0,343.0,163757.0,0,0,0,34150,42150,73050
2024-03-16,25.2,89,13.9,3.48,199893.0,343.0,163757.0,0,0,0,34083,42200,68517
2024-03-17,24.9,91,6.9,3.48,199893.0,343.0,163757.0,0,0,0,34017,42250,63983
2024-03-18,26.7,82,9.0,3.48,199893.0,343.0,163757.0,0,0,0,33950,42300,59450
2024-03-19,27.2,71,0.0,3.48,199893.0,343.0,163757.0,0,0,0,34050,42350,57050
2024-03-20,27.1,72,0.0,3.48,199893.0,343.0,163757.0,0,0,0,33800,42900,54950
2024-03-21,27.8,78,0.0,3.48,199893.0,343.0,163757.0,0,0,0,33750,43100,53700
2024-03-22,26.9,83,0.0,3.48,199893.0,343.0,163757.0,0,0,0,32950,43100,52700
2024-03-23,28.4,79,0.0,3.48,199893.0,343.0,163757.0,0,0,0,32983,43083,51550
2024-03-24,27.4,84,3.3,3.48,199893.0,343.0,163757.0,0,0,0,33017,43067,50400
2024-03-25,26.4,88,134.0,3.48,199893.0,343.0,163757.0,0,0,0,33050,43050,49250
2024-03-26,26.6,86,27.8,3.48,199893.0,343.0,163757.0,0,0,0,33000,43050,48700
2024-03-27,25.5,90,42.8,3.48,199893.0,343.0,163757.0,0,0,0,33750,43150,47650
2024-03-28,27.0,82,1.1,3.48,199893.0,343.0,163757.0,0,0,0,34700,43200,46550
2024-03-29,26.3,86,5.9,3.48,199893.0,343.0,163757.0,0,0,0,34700,43200,46550
2024-03-30,26.9,89,72.5,3.48,199893.0,343.0,163757.0,0,0,0,36350,43283,47067
2024-03-31,26.9,88,71.4,3.48,199893.0,343.0,163757.0,0,0,0,38000,43367,47583
2024-04-01,26.5,87,39.0,3.07,199893.0,343.0,163757.0,0,0,0,39650,43450,48100
2024-04-02,27.5,87,20.8,3.07,199893.0,343.0,163757.0,0,0,0,41550,43450,47750
2024-04-03,26.5,90,37.5,3.07,199893.0,343.0,163757.0,0,0,0,44450,43700,48600
2024-04-04,27.8,84,7.1,3.07,199893.0,343.0,163757.0,0,0,0,45400,43600,48450
2024-04-05,28.5,78,1.3,3.07,199893.0,343.0,163757.0,0,0,0,48150,43500,50700
2024-04-06,28.0,83,0.0,3.07,199893.0,343.0,163757.0,0,0,0,48150,43500,50700
2024-04-07,28.0,77,0.0,3.07,199893.0,343.0,163757.0,0,0,0,48150,43500,50700
2024-04-08,28.1,78,70.5,3.07,199893.0,343.0,163757.0,0,0,0,48150,43500,50700
2024-04-09,27.3,83,0.0,3.07,199893.0,343.0,163757.0,0,0,0,48150,43500,50700
2024-04-10,27.5,82,0.0,3.07,199893.0,343.0,163757.0,0,0,1,48150,43500,50700
2024-04-11,27.8,83,0.2,3.07,199893.0,343.0,163757.0,0,0,0,48150,43500,50700
2024-04-12,25.7,92,20.1,3.07,199893.0,343.0,163757.0,0,0,0,42450,45050,49250
2024-04-13,27.4,83,20.2,3.07,199893.0,343.0,163757.0,0,0,0,44350,44533,49733
2024-04-14,26.7,88,40.9,3.07,199893.0,343.0,163757.0,0,0,0,46250,44017,50217
2024-04-15,28.1,83,27.2,3.07,199893.0,343.0,163757.0,0,0,0,48150,43500,50700
2024-04-16,28.6,80,0.0,3.07,199893.0,343.0,163757.0,0,0,0,62000,45450,48650
2024-04-17,27.1,85,0.8,3.07,199893.0,343.0,163757.0,0,0,0,62850,45800,47950
2024-04-18,26.8,86,42.1,3.07,199893.0,343.0,163757.0,0,0,0,62900,45650,46400
2024-04-19,26.3,89,52.5,3.07,199893.0,343.0,163757.0,0,0,0,63300,45700,45850
2024-04-20,27.9,81,24.4,3.07,199893.0,343.0,163757.0,0,0,0,63633,45533,45983
2024-04-21,26.4,91,0.0,3.07,199893.0,343.0,163757.0,0,0,0,63967,45367,46117
2024-04-22,28.0,82,1.0,3.07,199893.0,343.0,163757.0,0,0,0,64300,45200,46250
2024-04-23,26.6,89,31.9,3.07,199893.0,343.0,163757.0,0,0,0,64600,45100,45800
2024-04-24,27.2,88,73.0,3.07,199893.0,343.0,163757.0,0,0,0,64450,45150,45750
2024-04-25,26.4,89,31.0,3.07,199893.0,343.0,163757.0,0,0,0,64350,45100,46150
2024-04-26,27.1,87,71.9,3.07,199893.0,343.0,163757.0,0,0,0,64100,45100,45900
2024-04-27,27.2,85,0.8,3.07,199893.0,343.0,163757.0,0,0,0,63467,45167,46500
2024-04-28,27.5,86,0.0,3.07,199893.0,343.0,163757.0,0,0,0,62833,45233,47100
2024-04-29,28.8,82,4.0,3.07,199893.0,343.0,163757.0,0,0,0,62200,45300,47700
2024-04-30,27.9,84,0.1,3.07,199893.0,343.0,163757.0,0,0,0,61500,45700,48100
2024-05-01,27.4,90,86.7,2.78,199893.0,343.0,163757.0,0,0,0,61500,45600,48600
2024-05-02,27.3,88,17.5,2.78,199893.0,343.0,163757.0,0,0,0,58700,45550,47100
2024-05-03,27.3,86,17.8,2.78,199893.0,343.0,163757.0,0,0,0,58050,44900,46600
2024-05-04,26.4,87,27.5,2.78,199893.0,343.0,163757.0,0,0,0,56700,44833,45483
2024-05-05,27.7,79,9.2,2.78,199893.0,343.0,163757.0,0,0,0,55350,44767,44367
2024-05-06,27.5,79,0.0,2.78,199893.0,343.0,163757.0,0,0,0,54000,44700,43250
2024-05-07,28.3,78,0.0,2.78,199893.0,343.0,163757.0,0,0,0,53350,44700,42150
2024-05-08,27.5,81,0.0,2.78,199893.0,343.0,163757.0,0,0,0,51300,44550,42400
2024-05-09,28.2,79,2.0,2.78,199893.0,343.0,163757.0,0,0,0,51300,44650,42400
2024-05-10,28.9,77,0.1,2.78,199893.0,343.0,163757.0,0,0,0,51300,44550,42400
2024-05-11,27.4,84,0.0,2.78,199893.0,343.0,163757.0,0,0,0,50900,44550,41817
2024-05-12,28.6,78,1.6,2.78,199893.0,343.0,163757.0,0,0,0,50500,44550,41233
2024-05-13,27.6,83,0.0,2.78,199893.0,343.0,163757.0,0,0,0,50100,44550,40650
2024-05-14,26.6,88,31.5,2.78,199893.0,343.0,163757.0,0,0,0,49700,44550,40600
2024-05-15,28.7,75,0.9,2.78,199893.0,343.0,163757.0,0,0,0,50000,44550,40400
2024-05-16,26.8,86,0.8,2.78,199893.0,343.0,163757.0,0,0,0,50150,44550,40450
2024-05-17,26.9,85,109.3,2.78,199893.0,343.0,163757.0,0,0,0,50100,44600,41500
2024-05-18,27.2,83,8.7,2.78,199893.0,343.0,163757.0,0,0,0,50433,44700,41650
2024-05-19,26.8,88,38.8,2.78,199893.0,343.0,163757.0,0,0,0,50767,44800,41800
2024-05-20,27.4,83,32.7,2.78,199893.0,343.0,163757.0,0,0,0,51100,44900,41950
2024-05-21,27.9,83,0.0,2.78,199893.0,343.0,163757.0,0,0,0,51100,44650,41600
2024-05-22,28.2,81,2.2,2.78,199893.0,343.0,163757.0,0,0,0,50950,45000,41600
2024-05-23,27.0,87,0.0,2.78,199893.0,343.0,163757.0,0,0,0,52450,43650,42150
2024-05-24,26.2,89,0.3,2.78,199893.0,343.0,163757.0,0,0,0,50950,45000,41650
2024-05-25,25.6,93,146.6,2.78,199893.0,343.0,163757.0,0,0,0,50800,44967,41317
2024-05-26,27.6,84,2.5,2.78,199893.0,343.0,163757.0,0,0,0,50650,44933,40983
2024-05-27,27.8,80,0.0,2.78,199893.0,343.0,163757.0,0,0,0,50500,44900,40650
2024-05-28,28.3,81,2.3,2.78,199893.0,343.0,163757.0,0,0,0,50300,44900,40450
2024-05-29,28.5,79,0.0,2.78,199893.0,343.0,163757.0,0,0,0,49800,44700,40350
2024-05-30,27.8,80,0.0,2.78,199893.0,343.0,163757.0,0,0,0,49350,44700,40400
2024-05-31,27.7,82,11.6,2.78,199893.0,343.0,163757.0,0,0,0,49200,44700,40450
2024-06-01,26.4,89,0.2,2.38,199893.0,343.0,163757.0,0,0,0,48100,44650,40650
2024-06-02,27.4,86,23.3,2.38,199893.0,343.0,163757.0,0,0,0,47000,44600,40850
2024-06-03,26.3,91,9.8,2.38,199893.0,343.0,163757.0,0,0,0,45900,44550,41050
2024-06-04,27.0,83,16.5,2.38,199893.0,343.0,163757.0,0,0,0,45300,44450,41250
2024-06-05,27.7,79,0.8,2.38,199893.0,343.0,163757.0,0,0,0,44050,44400,41450
2024-06-06,28.2,76,0.0,2.38,199893.0,343.0,163757.0,0,0,0,43100,44350,41150
2024-06-07,27.5,77,0.0,2.38,199893.0,343.0,163757.0,0,0,0,42700,44300,40950
2024-06-08,27.7,79,0.0,2.38,199893.0,343.0,163757.0,0,0,0,42700,44167,42450
2024-06-09,26.8,82,0.0,2.38,199893.0,343.0,163757.0,0,0,0,42700,44033,43950
2024-06-10,27.8,80,1.0,2.38,199893.0,343.0,163757.0,0,0,0,42700,43900,45450
2024-06-11,26.3,87,18.8,2.38,199893.0,343.0,163757.0,0,0,0,42950,43900,45650
2024-06-12,25.9,86,11.2,2.38,199893.0,343.0,163757.0,0,0,0,42850,43900,46150
2024-06-13,27.4,84,32.5,2.38,199893.0,343.0,163757.0,0,0,0,43500,43850,46100
2024-06-14,27.0,84,0.6,2.38,199893.0,343.0,163757.0,0,0,0,43500,44050,46250
2024-06-15,27.5,83,35.0,2.38,199893.0,343.0,163757.0,0,0,0,43500,44050,46250
2024-06-16,26.7,90,0.5,2.38,199893.0,343.0,163757.0,0,0,0,43500,44050,46250
2024-06-17,27.6,83,24.0,2.38,199893.0,343.0,163757.0,0,0,0,43500,44050,46250
2024-06-18,26.4,85,0.0,2.38,199893.0,343.0,163757.0,0,0,0,43500,44050,46250
2024-06-19,27.6,78,0.0,2.38,199893.0,343.0,163757.0,0,0,0,42300,43700,48050
2024-06-20,27.5,72,0.0,2.38,199893.0,343.0,163757.0,0,0,0,41850,43450,47700
2024-06-21,27.1,79,0.0,2.38,199893.0,343.0,163757.0,0,0,0,41450,43350,47200
2024-06-22,27.1,78,0.6,2.38,199893.0,343.0,163757.0,0,0,0,40967,43283,46650
2024-06-23,27.4,72,0.0,2.38,199893.0,343.0,163757.0,0,0,0,40483,43217,46100
2024-06-24,28.0,75,0.0,2.38,199893.0,343.0,163757.0,0,0,0,40000,43150,45550
2024-06-25,26.1,83,0.0,2.38,199893.0,343.0,163757.0,0,0,0,39200,43100,43600
2024-06-26,27.6,78,5.6,2.38,199893.0,343.0,163757.0,0,0,0,39150,42800,43050
2024-06-27,26.9,84,0.0,2.38,199893.0,343.0,163757.0,0,0,0,37900,42650,43050
2024-06-28,27.2,84,4.8,2.38,199893.0,343.0,163757.0,0,0,0,37400,42600,41650
2024-06-29,25.0,90,0.5,2.38,199893.0,343.0,163757.0,0,0,0,36800,42550,42067
2024-06-30,27.4,81,38.2,2.38,199893.0,343.0,163757.0,0,0,0,36200,42500,42483
2024-07-01,26.5,86,0.0,2.25,199893.0,343.0,163757.0,0,0,0,35600,42450,42900
2024-07-02,26.4,86,12.3,2.25,199893.0,343.0,163757.0,0,0,0,35000,42500,43400
2024-07-03,25.6,85,0.0,2.25,199893.0,343.0,163757.0,0,0,0,34300,42500,47100
2024-07-04,25.2,89,2.0,2.25,199893.0,343.0,163757.0,0,0,0,34100,42300,49100
2024-07-05,26.2,85,28.6,2.25,199893.0,343.0,163757.0,0,0,0,34350,42300,50600
2024-07-06,23.4,94,3.4,2.25,199893.0,343.0,163757.0,0,0,0,34083,42333,50750
2024-07-07,26.4,84,39.3,2.25,199893.0,343.0,163757.0,0,0,0,33817,42367,50900
2024-07-08,0.0,0,0.0,2.25,199893.0,343.0,163757.0,0,0,0,33550,42400,51050
2024-07-09,26.6,80,46.4,2.25,199893.0,343.0,163757.0,0,0,0,33300,41850,51600
2024-07-10,26.2,82,0.0,2.25,199893.0,343.0,163757.0,0,0,0,32950,41900,51100
2024-07-11,25.8,84,0.0,2.25,199893.0,343.0,163757.0,0,0,0,32400,41900,51700
2024-07-12,26.7,73,2.0,2.25,199893.0,343.0,163757.0,0,0,0,31950,41900,55150
2024-07-13,24.9,78,0.0,2.25,199893.0,343.0,163757.0,0,0,0,31783,41983,58233
2024-07-14,25.2,77,0.0,2.25,199893.0,343.0,163757.0,0,0,0,31617,42067,61317
2024-07-15,25.2,73,0.0,2.25,199893.0,343.0,163757.0,0,0,0,31450,42150,64400
2024-07-16,25.8,76,0.0,2.25,199893.0,343.0,163757.0,0,0,0,31050,42150,66350
2024-07-17,26.1,79,0.0,2.25,199893.0,343.0,163757.0,0,0,0,30950,42450,66550
2024-07-18,26.7,80,0.2,2.25,199893.0,343.0,163757.0,0,0,0,30950,42400,71200
2024-07-19,26.8,78,1.0,2.25,199893.0,343.0,163757.0,0,0,0,30450,42150,74550
2024-07-20,26.7,77,0.0,2.25,199893.0,343.0,163757.0,0,0,0,30117,42133,75467
2024-07-21,26.5,78,3.0,2.25,199893.0,343.0,163757.0,0,0,0,29783,42117,76383
2024-07-22,26.8,76,0.0,2.25,199893.0,343.0,163757.0,0,0,0,29450,42100,77300
2024-07-23,26.4,74,0.0,2.25,199893.0,343.0,163757.0,0,0,0,29100,41850,79800
2024-07-24,26.1,74,0.0,2.25,199893.0,343.0,163757.0,0,0,0,28950,41850,81850
2024-07-25,27.0,75,0.0,2.25,199893.0,343.0,163757.0,0,0,0,28950,41850,84650
2024-07-26,27.1,77,0.2,2.25,199893.0,343.0,163757.0,0,0,0,28800,41850,83800
2024-07-27,28.1,73,0.0,2.25,199893.0,343.0,163757.0,0,0,0,28667,41883,83417
2024-07-28,27.1,75,0.0,2.25,199893.0,343.0,163757.0,0,0,0,28533,41917,83033
2024-07-29,27.1,71,0.0,2.25,199893.0,343.0,163757.0,0,0,0,28400,41950,82650
2024-07-30,27.3,74,0.0,2.25,199893.0,343.0,163757.0,0,0,0,28050,41950,83400
2024-07-31,27.3,73,0.0,2.25,199893.0,343.0,163757.0,0,0,0,27850,41850,81950
2024-08-01,25.9,85,0.0,2.39,199893.0,343.0,163757.0,0,0,0,27900,41900,82300
2024-08-02,25.1,86,48.8,2.39,199893.0,343.0,163757.0,0,0,0,27900,41900,81650
2024-08-03,26.0,86,38.0,2.39,199893.0,343.0,163757.0,0,0,0,27933,41883,81200
2024-08-04,26.4,82,11.7,2.39,199893.0,343.0,163757.0,0,0,0,27967,41867,80750
2024-08-05,26.4,79,0.0,2.39,199893.0,343.0,163757.0,0,0,0,28000,41850,80300
2024-08-06,26.8,79,0.0,2.39,199893.0,343.0,163757.0,0,0,0,27800,41800,80350
2024-08-07,26.4,78,0.0,2.39,199893.0,343.0,163757.0,0,0,0,27450,41800,79800
2024-08-08,26.7,77,0.0,2.39,199893.0,343.0,163757.0,0,0,0,27450,41800,78600
2024-08-09,27.4,76,0.0,2.39,199893.0,343.0,163757.0,0,0,0,27200,42050,77650
2024-08-10,27.7,76,0.0,2.39,199893.0,343.0,163757.0,0,0,0,27183,42000,76667
2024-08-11,27.7,76,0.2,2.39,199893.0,343.0,163757.0,0,0,0,27167,41950,75683
2024-08-12,26.9,65,0.8,2.39,199893.0,343.0,163757.0,0,0,0,27150,41900,74700
2024-08-13,26.7,71,0.0,2.39,199893.0,343.0,163757.0,0,0,0,27100,41850,74600
2024-08-14,27.0,71,0.0,2.39,199893.0,343.0,163757.0,0,0,0,26900,41850,72650
2024-08-15,27.1,75,0.0,2.39,199893.0,343.0,163757.0,0,0,0,26700,41850,70150
2024-08-16,26.7,75,0.0,2.39,199893.0,343.0,163757.0,0,0,0,26450,41700,67300
2024-08-17,25.3,83,0.0,2.39,199893.0,343.0,163757.0,0,0,0,26350,41683,66300
2024-08-18,27.7,75,0.4,2.39,199893.0,343.0,163757.0,0,0,0,26250,41667,65300
2024-08-19,25.4,83,0.0,2.39,199893.0,343.0,163757.0,0,0,0,26150,41650,64300
2024-08-20,27.5,76,0.0,2.39,199893.0,343.0,163757.0,0,0,0,26100,41650,63350
2024-08-21,27.7,76,0.0,2.39,199893.0,343.0,163757.0,0,0,0,26100,41800,62300
2024-08-22,27.1,76,0.0,2.39,199893.0,343.0,163757.0,0,0,0,26100,41800,61350
2024-08-23,27.0,83,1.0,2.39,199893.0,343.0,163757.0,0,0,0,25950,41800,60300
2024-08-24,25.5,82,5.0,2.39,199893.0,343.0,163757.0,0,0,0,25917,41883,58350
2024-08-25,26.8,74,13.2,2.39,199893.0,343.0,163757.0,0,0,0,25883,41967,56400
2024-08-26,27.0,77,0.0,2.39,199893.0,343.0,163757.0,0,0,0,25850,42050,54450
2024-08-27,27.0,78,0.0,2.39,199893.0,343.0,163757.0,0,0,0,25800,41800,53250
2024-08-28,26.5,74,0.0,2.39,199893.0,343.0,163757.0,0,0,0,25600,41650,51100
2024-08-29,27.0,78,0.5,2.39,199893.0,343.0,163757.0,0,0,0,25700,41650,50100
2024-08-30,26.7,76,0.2,2.39,199893.0,343.0,163757.0,0,0,0,26200,41550,49550
2024-08-31,27.0,75,2.9,2.39,199893.0,343.0,163757.0,0,0,0,26217,41533,48733
2024-09-01,27.7,75,0.0,2.09,199893.0,343.0,163757.0,0,0,0,26233,41517,47917
2024-09-02,27.5,79,0.0,2.09,199893.0,343.0,163757.0,0,0,0,26250,41500,47100
2024-09-03,26.6,80,31.5,2.09,199893.0,343.0,163757.0,0,0,0,26450,41550,45850
2024-09-04,27.6,71,0.0,2.09,199893.0,343.0,163757.0,0,0,0,26700,41600,45450
2024-09-05,26.4,82,0.2,2.09,199893.0,343.0,163757.0,0,0,0,26900,41650,44250
2024-09-06,27.4,76,10.7,2.09,199893.0,343.0,163757.0,0,0,0,27050,41650,43850
2024-09-07,27.7,74,0.0,2.09,199893.0,343.0,163757.0,0,0,0,27033,41700,43433
2024-09-08,27.8,75,0.0,2.09,199893.0,343.0,163757.0,0,0,0,27017,41750,43017
2024-09-09,25.3,88,0.0,2.09,199893.0,343.0,163757.0,0,0,0,27000,41800,42600
2024-09-10,25.1,89,44.4,2.09,199893.0,343.0,163757.0,0,0,0,27050,41800,42100
2024-09-11,26.4,83,83.6,2.09,199893.0,343.0,163757.0,0,0,0,27000,41700,41950
2024-09-12,26.1,83,0.0,2.09,199893.0,343.0,163757.0,0,0,0,26950,41700,41400
2024-09-13,26.2,86,84.2,2.09,199893.0,343.0,163757.0,0,0,0,26950,41600,40650
2024-09-14,26.7,78,0.2,2.09,199893.0,343.0,163757.0,0,0,0,26950,41600,40650
2024-09-15,26.9,73,0.0,2.09,199893.0,343.0,163757.0,0,0,0,26950,41600,40650
2024-09-16,26.5,75,0.0,2.09,199893.0,343.0,163757.0,0,0,0,26950,41600,40650
2024-09-17,26.4,67,0.0,2.09,199893.0,343.0,163757.0,0,0,0,26850,41700,41050
2024-09-18,26.4,70,0.0,2.09,199893.0,343.0,163757.0,0,0,0,26850,41650,41850
2024-09-19,27.1,70,0.0,2.09,199893.0,343.0,163757.0,0,0,0,26850,41800,42800
2024-09-20,27.2,73,0.0,2.09,199893.0,343.0,163757.0,0,0,0,26900,41800,43200
2024-09-21,27.1,74,0.0,2.09,199893.0,343.0,163757.0,0,0,0,26983,41817,43467
2024-09-22,28.2,76,0.0,2.09,199893.0,343.0,163757.0,0,0,0,27067,41833,43733
2024-09-23,27.7,82,20.4,2.09,199893.0,343.0,163757.0,0,0,0,27150,41850,44000
2024-09-24,25.9,90,1.5,2.09,199893.0,343.0,163757.0,0,0,0,27100,41900,44550
2024-09-25,26.3,81,1.7,2.09,199893.0,343.0,163757.0,0,0,0,26950,41850,44950
2024-09-26,25.8,84,56.9,2.09,199893.0,343.0,163757.0,0,0,0,27400,41800,44900
2024-09-27,26.6,81,4.5,2.09,199893.0,343.0,163757.0,0,0,0,27600,42100,44650
2024-09-28,27.0,82,8.6,2.09,199893.0,343.0,163757.0,0,0,0,27933,42050,44600
2024-09-29,26.4,85,43.0,2.09,199893.0,343.0,163757.0,0,0,0,28267,42000,44550
2024-09-30,27.3,77,11.3,2.09,199893.0,343.0,163757.0,0,0,0,28600,41950,44500
2024-10-01,27.2,77,0.0,1.92,199893.0,343.0,163757.0,0,0,0,28650,42050,46100
2024-10-02,28.2,78,0.0,1.92,199893.0,343.0,163757.0,0,0,0,28900,42000,46100
2024-10-03,27.0,85,22.0,1.92,199893.0,343.0,163757.0,0,0,0,29100,42000,46650
2024-10-04,25.7,86,0.0,1.92,199893.0,343.0,163757.0,0,0,0,29300,42050,47150
2024-10-05,25.6,88,89.8,1.92,199893.0,343.0,163757.0,0,0,0,29300,42017,47733
2024-10-06,27.2,81,84.5,1.92,199893.0,343.0,163757.0,0,0,0,29300,41983,48317
2024-10-07,27.4,74,0.0,1.92,199893.0,343.0,163757.0,0,0,0,29300,41950,48900
2024-10-08,26.6,80,0.0,1.92,199893.0,343.0,163757.0,0,0,0,29400,42100,48900
2024-10-09,27.2,82,1.2,1.92,199893.0,343.0,163757.0,0,0,0,29100,42100,50200
2024-10-10,27.1,79,3.5,1.92,199893.0,343.0,163757.0,0,0,0,29100,42150,50400
2024-10-11,27.5,79,14.2,1.92,199893.0,343.0,163757.0,0,0,0,29050,42150,50750
2024-10-12,28.3,77,0.0,1.92,199893.0,343.0,163757.0,0,0,0,29067,42300,51483
2024-10-13,27.0,84,0.0,1.92,199893.0,343.0,163757.0,0,0,0,29083,42450,52217
2024-10-14,26.0,88,65.7,1.92,199893.0,343.0,163757.0,0,0,0,29100,42600,52950
2024-10-15,25.8,89,60.3,1.92,199893.0,343.0,163757.0,0,0,0,29150,42600,52950
2024-10-16,26.9,78,105.6,1.92,199893.0,343.0,163757.0,0,0,0,29150,42450,53300
2024-10-17,26.2,67,0.0,1.92,199893.0,343.0,163757.0,0,0,0,29100,42400,53800
2024-10-18,27.1,71,0.0,1.92,199893.0,343.0,163757.0,0,0,0,28900,42400,53150
2024-10-19,27.6,74,0.0,1.92,199893.0,343.0,163757.0,0,0,0,29133,42383,53083
2024-10-20,27.8,71,0.0,1.92,199893.0,343.0,163757.0,0,0,0,29367,42367,53017
2024-10-21,27.6,69,0.0,1.92,199893.0,343.0,163757.0,0,0,0,29600,42350,52950
2024-10-22,27.1,73,0.0,1.92,199893.0,343.0,163757.0,0,0,0,29800,42700,52400
2024-10-23,28.7,75,0.0,1.92,199893.0,343.0,163757.0,0,0,0,30300,42850,52300
2024-10-24,28.8,75,0.0,1.92,199893.0,343.0,163757.0,0,0,0,30200,42850,51300
2024-10-25,28.2,79,8.3,1.92,199893.0,343.0,163757.0,0,0,0,30300,42900,50500
2024-10-26,28.1,72,0.0,1.92,199893.0,343.0,163757.0,0,0,0,30433,42867,50150
2024-10-27,28.2,75,0.0,1.92,199893.0,343.0,163757.0,0,0,0,30567,42833,49800
2024-10-28,27.5,80,3.5,1.92,199893.0,343.0,163757.0,0,0,0,30700,42800,49450
2024-10-29,27.2,83,13.3,1.92,199893.0,343.0,163757.0,0,0,0,31200,42800,48950
2024-10-30,27.2,82,11.5,1.92,199893.0,343.0,163757.0,0,0,0,31800,42800,48800
2024-10-31,26.2,85,10.2,1.92,199893.0,343.0,163757.0,0,0,0,33400,42850,49050
2024-11-01,27.1,80,17.0,1.67,199893.0,343.0,163757.0,0,0,0,35950,42900,48500
2024-11-02,27.0,82,0.0,1.67,199893.0,343.0,163757.0,0,0,0,36550,42900,47750
2024-11-03,26.2,83,34.4,1.67,199893.0,343.0,163757.0,0,0,0,37150,42900,47000
2024-11-04,26.4,82,29.2,1.67,199893.0,343.0,163757.0,0,0,0,37750,42900,46250
2024-11-05,26.4,86,7.6,1.67,199893.0,343.0,163757.0,0,0,0,38250,42850,45200
2024-11-06,26.7,80,60.5,1.67,199893.0,343.0,163757.0,0,0,0,38400,42900,45100
2024-11-07,26.1,84,0.0,1.67,199893.0,343.0,163757.0,0,0,0,38750,43000,45250
2024-11-08,27.8,80,70.6,1.67,199893.0,343.0,163757.0,0,0,0,39800,43000,43800
2024-11-09,26.9,84,0.0,1.67,199893.0,343.0,163757.0,0,0,0,39833,42967,44017
2024-11-10,26.4,84,0.0,1.67,199893.0,343.0,163757.0,0,0,0,39867,42933,44233
2024-11-11,25.4,90,21.5,1.67,199893.0,343.0,163757.0,0,0,0,39900,42900,44450
2024-11-12,26.4,86,86.7,1.67,199893.0,343.0,163757.0,0,0,0,40350,42900,44850
2024-11-13,27.8,77,0.1,1.67,199893.0,343.0,163757.0,0,0,0,40350,42900,44600
2024-11-14,27.5,84,0.0,1.67,199893.0,343.0,163757.0,0,0,0,40150,42850,44400
2024-11-15,27.5,84,59.6,1.67,199893.0,343.0,163757.0,0,0,0,40600,42850,44100
2024-11-16,26.0,93,10.4,1.67,199893.0,343.0,163757.0,0,0,0,40667,42867,43983
2024-11-17,26.4,87,14.7,1.67,199893.0,343.0,163757.0,0,0,0,40733,42883,43867
2024-11-18,26.1,89,14.7,1.67,199893.0,343.0,163757.0,0,0,0,40800,42900,43750
2024-11-19,26.7,83,14.4,1.67,199893.0,343.0,163757.0,0,0,0,40800,43000,44200
2024-11-20,26.6,83,59.7,1.67,199893.0,343.0,163757.0,0,0,0,40900,43000,44100
2024-11-21,27.1,85,24.1,1.67,199893.0,343.0,163757.0,0,0,0,40900,43100,42950
2024-11-22,26.7,88,15.8,1.67,199893.0,343.0,163757.0,0,0,0,40900,43200,42600
2024-11-23,26.8,85,6.6,1.67,199893.0,343.0,163757.0,0,0,0,40967,43317,42083
2024-11-24,26.6,88,3.7,1.67,199893.0,343.0,163757.0,0,0,0,41033,43433,41567
2024-11-25,27.2,84,11.5,1.67,199893.0,343.0,163757.0,0,0,0,41100,43550,41050
2024-11-26,27.5,81,0.7,1.67,199893.0,343.0,163757.0,0,0,0,41100,43450,40650
2024-11-27,25.3,93,44.3,1.67,199893.0,343.0,163757.0,0,0,0,37900,48750,39250
2024-11-28,26.2,86,72.1,1.67,199893.0,343.0,163757.0,0,0,0,41100,43450,39200
2024-11-29,26.9,81,0.5,1.67,199893.0,343.0,163757.0,0,0,0,40950,43550,39300
2024-11-30,27.6,79,0.0,1.67,199893.0,343.0,163757.0,0,0,0,40783,43633,39400
2024-12-01,28.1,77,1.2,1.64,199893.0,343.0,163757.0,0,0,0,40617,43717,39500
2024-12-02,26.4,86,0.8,1.64,199893.0,343.0,163757.0,0,0,0,40450,43800,39600
2024-12-03,26.0,85,15.8,1.64,199893.0,343.0,163757.0,0,0,0,40300,43950,39400
2024-12-04,25.0,91,1.5,1.64,199893.0,343.0,163757.0,0,0,0,40400,44150,39000
2024-12-05,25.1,90,3.9,1.64,199893.0,343.0,163757.0,0,0,0,40700,44150,41000
2024-12-06,25.5,91,11.7,1.64,199893.0,343.0,163757.0,0,0,0,40650,43650,40950
2024-12-07,26.9,88,0.1,1.64,199893.0,343.0,163757.0,0,0,0,40750,43567,41250
2024-12-08,27.0,86,8.7,1.64,199893.0,343.0,163757.0,0,0,0,40850,43483,41550
2024-12-09,24.8,96,2.2,1.64,199893.0,343.0,163757.0,0,0,0,40950,43400,41850
2024-12-10,25.5,88,26.1,1.64,199893.0,343.0,163757.0,0,0,0,41450,43550,41850
2024-12-11,27.1,77,27.7,1.64,199893.0,343.0,163757.0,0,0,0,41550,43550,42350
2024-12-12,27.4,72,10.7,1.64,199893.0,343.0,163757.0,0,0,0,41600,43550,43050
2024-12-13,28.0,73,0.0,1.64,199893.0,343.0,163757.0,0,0,0,41450,43600,44450
2024-12-14,25.7,87,8.1,1.64,199893.0,343.0,163757.0,0,0,0,41500,43700,45433
2024-12-15,25.8,84,4.3,1.64,199893.0,343.0,163757.0,0,0,0,41550,43800,46417
2024-12-16,24.8,94,0.5,1.64,199893.0,343.0,163757.0,0,0,0,41600,43900,47400
2024-12-17,26.8,84,20.0,1.64,199893.0,343.0,163757.0,0,0,0,41850,44000,50150
2024-12-18,25.5,90,0.0,1.64,199893.0,343.0,163757.0,0,0,0,41850,44000,50550
2024-12-19,24.9,91,5.3,1.64,199893.0,343.0,163757.0,0,0,0,41750,44000,50450
2024-12-20,25.2,91,18.1,1.64,199893.0,343.0,163757.0,0,0,0,41800,44050,51450
2024-12-21,26.4,88,14.8,1.64,199893.0,343.0,163757.0,0,0,0,41867,44150,54583
2024-12-22,25.6,93,10.9,1.64,199893.0,343.0,163757.0,0,0,0,41933,44250,57717
2024-12-23,25.7,89,13.5,1.64,199893.0,343.0,163757.0,0,0,0,42000,44350,60850
2024-12-24,25.5,88,9.9,1.64,199893.0,343.0,163757.0,0,0,0,42050,44350,64650
2024-12-25,25.8,90,1.1,1.64,199893.0,343.0,163757.0,0,1,0,42050,44350,64650
2024-12-26,26.6,81,14.0,1.64,199893.0,343.0,163757.0,0,0,0,42050,44350,64650
2024-12-27,26.4,84,0.0,1.64,199893.0,343.0,163757.0,0,0,0,41950,44400,71800
2024-12-28,27.4,77,0.0,1.64,199893.0,343.0,163757.0,0,0,0,42083,44417,73400
2024-12-29,27.5,76,0.0,1.64,199893.0,343.0,163757.0,0,0,0,42217,44433,75000
2024-12-30,25.8,81,0.6,1.64,199893.0,343.0,163757.0,0,0,0,42350,44450,76600
2024-12-31,27.1,77,0.5,1.64,199893.0,343.0,163757.0,0,0,0,42350,44550,79850
2025-01-01,26.3,83,0.0,0.79,205707.82,1157.65,162190.89,1,0,0,42650,44850,81450
2025-01-02,27.1,77,5.2,0.79,205707.82,1157.65,162190.89,0,0,0,42000,44400,90300
2025-01-03,27.0,80,0.0,0.79,205707.82,1157.65,162190.89,0,0,0,41450,44400,91550
2025-01-04,26.7,83,0.0,0.79,205707.82,1157.65,162190.89,0,0,0,41417,44350,95250
2025-01-05,27.2,78,1.6,0.79,205707.82,1157.65,162190.89,0,0,0,41383,44300,98950
2025-01-06,26.6,80,0.0,0.79,205707.82,1157.65,162190.89,0,0,0,41350,44250,102650
2025-01-07,26.4,85,25.2,0.79,205707.82,1157.65,162190.89,0,0,0,40850,44200,105550
2025-01-08,27.0,85,0.0,0.79,205707.82,1157.65,162190.89,0,0,0,40350,44200,108750
2025-01-09,25.5,91,27.0,0.79,205707.82,1157.65,162190.89,0,0,0,39600,44150,108900
2025-01-10,26.7,86,2.0,0.79,205707.82,1157.65,162190.89,0,0,0,38650,44150,107200
2025-01-11,26.2,87,1.0,0.79,205707.82,1157.65,162190.89,0,0,0,38200,44050,107300
2025-01-12,26.6,80,7.0,0.79,205707.82,1157.65,162190.89,0,0,0,37750,43950,107400
2025-01-13,26.3,84,0.0,0.79,205707.82,1157.65,162190.89,0,0,0,37300,43850,107500
2025-01-14,25.0,93,0.0,0.79,205707.82,1157.65,162190.89,0,0,0,36550,44100,108350
2025-01-15,26.7,84,16.4,0.79,205707.82,1157.65,162190.89,0,0,0,37450,42550,104650
2025-01-16,25.8,89,0.0,0.79,205707.82,1157.65,162190.89,0,0,0,35850,44100,103750
2025-01-17,26.3,89,2.6,0.79,205707.82,1157.65,162190.89,0,0,0,35200,44100,101250
2025-01-18,25.9,85,14.6,0.79,205707.82,1157.65,162190.89,0,0,0,35267,44000,97367
2025-01-19,25.6,87,3.4,0.79,205707.82,1157.65,162190.89,0,0,0,35333,43900,93483
2025-01-20,25.4,89,57.8,0.79,205707.82,1157.65,162190.89,0,0,0,35400,43800,89600
2025-01-21,25.5,93,5.2,0.79,205707.82,1157.65,162190.89,0,0,0,35450,43700,84450
2025-01-22,25.6,87,21.4,0.79,205707.82,1157.65,162190.89,0,0,0,35450,43700,79700
2025-01-23,25.4,87,0.4,0.79,205707.82,1157.65,162190.89,0,0,0,35400,43800,79300
2025-01-24,24.4,96,4.1,0.79,205707.82,1157.65,162190.89,0,0,0,35150,43800,79050
2025-01-25,25.7,87,28.6,0.79,205707.82,1157.65,162190.89,0,0,0,35683,43250,78950
2025-01-26,26.1,84,2.0,0.79,205707.82,1157.65,162190.89,0,0,0,36217,42700,78850
2025-01-27,26.1,85,0.0,0.79,205707.82,1157.65,162190.89,0,0,0,36750,42150,78750
2025-01-28,23.7,96,3.0,0.79,205707.82,1157.65,162190.89,0,0,0,36750,42150,78750
2025-01-29,25.3,88,21.6,0.79,205707.82,1157.65,162190.89,0,0,0,36750,42150,78750
2025-01-30,25.4,86,28.3,0.79,205707.82,1157.65,162190.89,0,0,0,34850,43800,81100
2025-01-31,26.4,87,6.7,0.79,205707.82,1157.65,162190.89,0,0,0,34700,43800,81250
2025-02-01,26.3,90,9.3,-0.27,205707.82,1157.65,162190.89,0,0,0,34683,43750,80700
2025-02-02,26.7,87,1.6,-0.27,205707.82,1157.65,162190.89,0,0,0,34667,43700,80150
2025-02-03,26.8,88,0.0,-0.27,205707.82,1157.65,162190.89,0,0,0,34650,43650,79600
2025-02-04,25.7,88,0.0,-0.27,205707.82,1157.65,162190.89,0,0,0,34150,43650,79600
2025-02-05,26.9,77,3.4,-0.27,205707.82,1157.65,162190.89,0,0,0,34650,43700,77300
2025-02-06,26.1,89,12.1,-0.27,205707.82,1157.65,162190.89,0,0,0,34600,43700,75950
2025-02-07,26.5,88,1.1,-0.27,205707.82,1157.65,162190.89,0,0,0,34550,43750,73650
2025-02-08,25.1,89,3.2,-0.27,205707.82,1157.65,162190.89,0,0,0,34333,43767,72767
2025-02-09,26.2,88,0.0,-0.27,205707.82,1157.65,162190.89,0,0,0,34117,43783,71883
2025-02-10,26.8,88,2.4,-0.27,205707.82,1157.65,162190.89,0,0,0,33900,43800,71000
2025-02-11,27.2,84,0.0,-0.27,205707.82,1157.65,162190.89,0,0,0,34100,43850,70200
2025-02-12,26.9,78,0.0,-0.27,205707.82,1157.65,162190.89,0,0,0,33850,43850,69900
2025-02-13,27.4,80,0.0,-0.27,205707.82,1157.65,162190.89,0,0,0,33700,43700,68950
2025-02-14,26.8,83,0.0,-0.27,205707.82,1157.65,162190.89,0,0,0,33800,44050,67750
2025-02-15,26.2,87,0.4,-0.27,205707.82,1157.65,162190.89,0,0,0,33650,44133,67683
2025-02-16,26.2,85,0.2,-0.27,205707.82,1157.65,162190.89,0,0,0,33500,44217,67617
2025-02-17,25.0,90,0.0,-0.27,205707.82,1157.65,162190.89,0,0,0,33350,44300,67550
2025-02-18,25.9,86,1.2,-0.27,205707.82,1157.65,162190.89,0,0,0,33200,44150,67000
2025-02-19,26.1,88,3.0,-0.27,205707.82,1157.65,162190.89,0,0,0,33300,44300,70650
2025-02-20,25.3,86,5.8,-0.27,205707.82,1157.65,162190.89,0,0,0,33250,44300,71800
2025-02-21,26.5,84,6.0,-0.27,205707.82,1157.65,162190.89,0,0,0,33750,44350,74150
2025-02-22,25.9,88,0.0,-0.27,205707.82,1157.65,162190.89,0,0,0,34717,43900,76867
2025-02-23,25.3,90,1.0,-0.27,205707.82,1157.65,162190.89,0,0,0,35683,43450,79583
2025-02-24,25.4,89,1.7,-0.27,205707.82,1157.65,162190.89,0,0,0,36650,43000,82300
2025-02-25,25.9,88,45.1,-0.27,205707.82,1157.65,162190.89,0,0,0,36950,45200,86800
2025-02-26,25.4,92,5.5,-0.27,205707.82,1157.65,162190.89,0,0,0,37850,45350,95350
2025-02-27,25.5,89,4.7,-0.27,205707.82,1157.65,162190.89,0,0,0,39700,45650,98900
2025-02-28,25.8,89,41.0,-0.27,205707.82,1157.65,162190.89,0,0,0,41900,46500,103700
2025-03-01,26.3,85,19.6,0.81,205707.82,1157.65,162190.89,0,0,0,43217,46717,108083
2025-03-02,26.3,89,0.0,0.81,205707.82,1157.65,162190.89,0,0,0,44533,46933,112467
2025-03-03,26.3,89,74.2,0.81,205707.82,1157.65,162190.89,0,0,0,45850,47150,116850
2025-03-04,25.6,90,53.8,0.81,205707.82,1157.65,162190.89,0,0,0,47600,47150,121850
2025-03-05,26.9,81,0.2,0.81,205707.82,1157.65,162190.89,0,0,0,48900,47150,117400
2025-03-06,26.1,86,0.0,0.81,205707.82,1157.65,162190.89,0,0,0,49050,47150,107200
2025-03-07,26.5,85,41.8,0.81,205707.82,1157.65,162190.89,0,0,0,49400,47100,96700
2025-03-08,26.2,87,0.0,0.81,205707.82,1157.65,162190.89,0,0,0,49433,47100,95600
2025-03-09,25.9,89,11.7,0.81,205707.82,1157.65,162190.89,0,0,0,49467,47100,94500
2025-03-10,24.6,91,7.4,0.81,205707.82,1157.65,162190.89,0,0,0,49500,47100,93400
2025-03-11,26.6,84,0.2,0.81,205707.82,1157.65,162190.89,0,0,0,49800,47100,94350
2025-03-12,27.1,85,26.0,0.81,205707.82,1157.65,162190.89,0,0,0,50700,47100,91300
2025-03-13,26.9,88,0.0,0.81,205707.82,1157.65,162190.89,0,0,0,51700,45750,91150
2025-03-14,25.7,89,46.4,0.81,205707.82,1157.65,162190.89,0,0,0,51700,47200,92500
2025-03-15,25.2,91,7.2,0.81,205707.82,1157.65,162190.89,0,0,0,51933,47283,95967
2025-03-16,26.5,83,6.5,0.81,205707.82,1157.65,162190.89,0,0,0,52167,47367,99433
2025-03-17,25.0,94,0.0,0.81,205707.82,1157.65,162190.89,0,0,0,52400,47450,102900
2025-03-18,26.2,89,130.4,0.81,205707.82,1157.65,162190.89,0,0,0,53300,47450,103900
2025-03-19,26.3,81,5.2,0.81,205707.82,1157.65,162190.89,0,0,0,53450,47550,104600
2025-03-20,27.1,81,0.0,0.81,205707.82,1157.65,162190.89,0,0,0,53400,47550,103900
2025-03-21,27.4,80,0.0,0.81,205707.82,1157.65,162190.89,0,0,0,53350,47550,103600
2025-03-22,26.9,87,0.0,0.81,205707.82,1157.65,162190.89,0,0,0,54000,47083,103583
2025-03-23,26.9,82,0.5,0.81,205707.82,1157.65,162190.89,0,0,0,54650,46617,103567
2025-03-24,26.1,84,0.0,0.81,205707.82,1157.65,162190.89,0,0,0,55300,46150,103550
2025-03-25,25.6,86,4.1,0.81,205707.82,1157.65,162190.89,0,0,0,55850,45950,104450
2025-03-26,25.5,92,0.0,0.81,205707.82,1157.65,162190.89,0,0,0,55450,47200,108600
2025-03-27,25.4,90,1.6,0.81,205707.82,1157.65,162190.89,0,0,0,55150,47200,108450
2025-03-28,26.2,88,3.4,0.81,205707.82,1157.65,162190.89,0,0,0,55150,47200,108450
2025-03-29,26.2,85,6.4,0.81,205707.82,1157.65,162190.89,0,0,0,55150,47200,108450
2025-03-30,27.2,84,0.2,0.81,205707.82,1157.65,162190.89,0,0,1,55150,47200,108450
2025-03-31,26.8,85,0.0,0.81,205707.82,1157.65,162190.89,0,0,0,55150,47200,108450
2025-04-01,24.5,94,6.4,1.67,205707.82,1157.65,162190.89,0,0,0,55150,47200,108450
2025-04-02,26.4,87,11.8,1.67,205707.82,1157.65,162190.89,0,0,0,55650,47150,109700
2025-04-03,26.3,88,9.6,1.67,205707.82,1157.65,162190.89,0,0,0,55150,47200,108450
2025-04-04,26.9,84,4.6,1.67,205707.82,1157.65,162190.89,0,0,0,55150,47200,108450
2025-04-05,26.5,85,0.0,1.67,205707.82,1157.65,162190.89,0,0,0,55150,47200,108450
2025-04-06,26.2,84,0.3,1.67,205707.82,1157.65,162190.89,0,0,0,55150,47200,108450
2025-04-07,27.2,83,6.8,1.67,205707.82,1157.65,162190.89,0,0,0,55150,47200,108450
2025-04-08,26.8,81,0.1,1.67,205707.82,1157.65,162190.89,0,0,0,55500,48750,100300
2025-04-09,27.7,81,0.0,1.67,205707.82,1157.65,162190.89,0,0,0,58300,49950,100300
2025-04-10,26.6,87,0.0,1.67,205707.82,1157.65,162190.89,0,0,0,61400,49200,98950
2025-04-11,26.5,86,0.6,1.67,205707.82,1157.65,162190.89,0,0,0,61750,49750,98050
2025-04-12,26.4,90,28.4,1.67,205707.82,1157.65,162190.89,0,0,0,60350,49800,98000
2025-04-13,25.7,90,3.0,1.67,205707.82,1157.65,162190.89,0,0,0,59700,49900,97900
2025-04-14,26.6,85,2.6,1.67,205707.82,1157.65,162190.89,0,0,0,58550,49950,97800
2025-04-15,25.5,91,0.0,1.67,205707.82,1157.65,162190.89,0,0,0,59950,49300,94100
2025-04-16,25.9,86,3.2,1.67,205707.82,1157.65,162190.89,0,0,0,59750,49350,93550
2025-04-17,27.1,87,6.8,1.67,205707.82,1157.65,162190.89,0,0,0,58100,49950,93450
2025-04-18,26.8,86,0.0,1.67,205707.82,1157.65,162190.89,0,0,0,58100,49950,93450
2025-04-19,27.1,84,0.0,1.67,205707.82,1157.65,162190.89,0,0,0,56950,49700,87200
2025-04-20,26.9,82,21.7,1.67,205707.82,1157.65,162190.89,0,0,0,55450,49550,82600
2025-04-21,26.4,85,0.0,1.67,205707.82,1157.65,162190.89,0,0,0,54200,49350,79450
2025-04-22,27.0,82,0.0,1.67,205707.82,1157.65,162190.89,0,0,0,53350,49150,74600
2025-04-23,26.5,83,0.0,1.67,205707.82,1157.65,162190.89,0,0,0,52850,49150,72100
2025-04-24,26.6,85,0.0,1.67,205707.82,1157.65,162190.89,0,0,0,52200,48800,70000
2025-04-25,26.8,85,1.8,1.67,205707.82,1157.65,162190.89,0,0,0,51550,48550,65900
2025-04-26,26.7,89,3.6,1.67,205707.82,1157.65,162190.89,0,0,0,50300,48500,61200
2025-04-27,26.9,87,36.9,1.67,205707.82,1157.65,162190.89,0,0,0,49700,48200,58750
2025-04-28,27.0,82,69.5,1.67,205707.82,1157.65,162190.89,0,0,0,48150,47950,56850
2025-04-29,27.2,81,1.6,1.67,205707.82,1157.65,162190.89,0,0,0,47650,47350,53600
2025-04-30,26.2,87,0.0,1.67,205707.82,1157.65,162190.89,0,0,0,45950,47350,52050
2025-05-01,27.2,82,19.8,3.17,205707.82,1157.65,162190.89,0,0,0,46350,46800,52450
2025-05-02,27.2,81,4.0,3.17,205707.82,1157.65,162190.89,0,0,0,44350,46850,49350
2025-05-03,26.7,85,0.0,3.17,205707.82,1157.65,162190.89,0,0,0,44300,46450,48850
2025-05-04,26.8,84,0.4,3.17,205707.82,1157.65,162190.89,0,0,0,44150,47050,48150
2025-05-05,26.5,85,0.0,3.17,205707.82,1157.65,162190.89,0,0,0,44050,47150,47650
2025-05-06,26.6,87,32.4,3.17,205707.82,1157.65,162190.89,0,0,0,45050,44900,46500
2025-05-07,25.6,94,19.2,3.17,205707.82,1157.65,162190.89,0,0,0,42900,45850,46650
2025-05-08,26.6,89,9.4,3.17,205707.82,1157.65,162190.89,0,0,0,42850,45700,44400
2025-05-09,27.0,87,55.2,3.17,205707.82,1157.65,162190.89,0,0,0,42950,45700,43050
2025-05-10,32.37,56,0.0,3.17,205707.82,1157.65,162190.89,0,0,0,42500,45750,42900
2025-05-11,34.51,58,0.0,3.17,205707.82,1157.65,162190.89,0,0,0,42100,45800,42750
2025-05-12,32.37,56,0.0,3.17,205707.82,1157.65,162190.89,0,0,0,42050,45850,42550
2025-05-13,34.51,58,0.0,3.17,205707.82,1157.65,162190.89,0,0,0,42450,45750,43450
2025-05-14,33.51,58,0.0,3.17,205707.82,1157.65,162190.89,0,0,0,42550,45800,42000
2025-05-15,32.37,60,0.0,3.17,205707.82,1157.65,162190.89,0,0,0,43500,44500,41050
2025-05-16,32.0,60,0.0,3.17,205707.82,1157.65,162190.89,0,0,0,42450,45350,40700
2025-05-17,32.73,63,0.0,3.17,205707.82,1157.65,162190.89,0,0,0,41650,44500,40150
2025-05-18,32.51,58,0.0,3.17,205707.82,1157.65,162190.89,0,0,0,40200,43650,39850
2025-05-19,32.37,56,0.0,3.17,205707.82,1157.65,162190.89,0,0,0,39700,43800,39050
2025-05-20,32.51,58,0.0,3.17,205707.82,1157.65,162190.89,0,0,0,38350,43050,40200
2025-05-21,32.51,58,0.0,3.17,205707.82,1157.65,162190.89,0,0,0,38100,42250,39350
2025-05-22,32.37,60,0.0,3.17,205707.82,1157.65,162190.89,0,0,0,37150,41900,38700
2025-05-23,32.00,60,0.0,3.17,205707.82,1157.65,162190.89,0,0,0,37410,41267,38561
2025-05-24,32.73,63,0.0,3.17,205707.82,1157.65,162190.89,0,0,0,35157,40436,35726