Date,Bawang Merah,Bawang Putih,Cabai Rawit
2023-01-01,34367,28400,69483
2023-01-02,34950,28400,76800
2023-01-03,35400,28350,78600
2023-01-04,35950,28550,78400
2023-01-05,36550,28450,75200
2023-01-06,36400,28400,71950
2023-01-07,36483,28350,72417
2023-01-08,36567,28300,72883
2023-01-09,36650,28250,73350
2023-01-10,36650,28300,72100
2023-01-11,36950,28300,69700
2023-01-12,37100,28150,69100
2023-01-13,37000,28150,66950
2023-01-14,37100,28183,65533
2023-01-15,37200,28217,64117
2023-01-16,37300,28250,62700
2023-01-17,37300,28250,60950
2023-01-18,38250,28450,58200
2023-01-19,39400,28450,58700
2023-01-20,41050,28450,60300
2023-01-21,41050,28450,60300
2023-01-22,41050,28450,60300
2023-01-23,41050,28450,60300
2023-01-24,41650,28600,60800
2023-01-25,41900,28650,60100
2023-01-26,41800,28700,60650
2023-01-27,42100,28700,61650
2023-01-28,42500,28783,61233
2023-01-29,42900,28867,60817
2023-01-30,43300,28950,60400
2023-01-31,44450,29100,61100
2023-02-01,45500,29200,61250
2023-02-02,45450,29600,61550
2023-02-03,45550,29700,60800
2023-02-04,45667,29767,61733
2023-02-05,45783,29833,62667
2023-02-06,45900,29900,63600
2023-02-07,45900,29950,64050
2023-02-08,45850,29950,64300
2023-02-09,45550,30200,64550
2023-02-10,45350,30200,63950
2023-02-11,44250,30083,64550
2023-02-12,43150,29967,65150
2023-02-13,42050,29850,65750
2023-02-14,40850,29750,65900
2023-02-15,40150,29750,65850
2023-02-16,40100,29750,67150
2023-02-17,40000,29750,69450
2023-02-18,39567,29900,71117
2023-02-19,39133,30050,72783
2023-02-20,38700,30200,74450
2023-02-21,38250,30400,74600
2023-02-22,37900,30550,75000
2023-02-23,37800,30700,75950
2023-02-24,37300,30900,74900
2023-02-25,36933,31150,73483
2023-02-26,36567,31400,72067
2023-02-27,36200,31650,70650
2023-02-28,36200,31950,69850
2023-03-01,36100,32100,68550
2023-03-02,36200,32100,68100
2023-03-03,36400,32150,68200
2023-03-04,36483,32333,71033
2023-03-05,36567,32517,73867
2023-03-06,36650,32700,76700
2023-03-07,36800,32800,77800
2023-03-08,36950,33250,77800
2023-03-09,36950,33500,78200
2023-03-10,37000,34150,78200
2023-03-11,36850,34317,78633
2023-03-12,36700,34483,79067
2023-03-13,36550,34650,79500
2023-03-14,36400,34700,78800
2023-03-15,36450,34800,78350
2023-03-16,36400,34750,78450
2023-03-17,36250,34600,78100
2023-03-18,36233,34583,80100
2023-03-19,36217,34567,82100
2023-03-20,36200,34550,84100
2023-03-21,36400,34450,86800
2023-03-22,37550,33300,85900
2023-03-23,36050,34450,86800
2023-03-24,36850,34350,85950
2023-03-25,36717,34367,85033
2023-03-26,36583,34383,84117
2023-03-27,36450,34400,83200
2023-03-28,36150,34250,77650
2023-03-29,36050,34100,73400
2023-03-30,36000,33950,66200
2023-03-31,35900,33650,64650
2023-04-01,35733,33617,62733
2023-04-02,35567,33583,60817
2023-04-03,35400,33550,58900
2023-04-04,35250,33500,57150
2023-04-05,35150,33500,55400
2023-04-06,34950,33500,53650
2023-04-07,36050,32150,51950
2023-04-08,35700,32617,50450
2023-04-09,35350,33083,48950
2023-04-10,35000,33550,47450
2023-04-11,35050,33500,46350
2023-04-12,34900,33500,46300
2023-04-13,35350,33500,45450
2023-04-14,35700,33550,45450
2023-04-15,36833,33550,46783
2023-04-16,37967,33550,48117
2023-04-17,39100,33550,49450
2023-04-18,39500,33700,50700
2023-04-19,39500,33700,50700
2023-04-20,39500,33700,50700
2023-04-21,39500,33700,50700
2023-04-22,39500,33700,50700
2023-04-23,39500,33700,50700
2023-04-24,39500,33700,50700
2023-04-25,39500,33700,50700
2023-04-26,43700,35150,48800
2023-04-27,43700,36350,45750
2023-04-28,43350,36400,42550
2023-04-29,44217,36617,42883
2023-04-30,45083,36833,43217
2023-05-01,45950,37050,43550
2023-05-02,43100,36550,40000
2023-05-03,43150,36550,39050
2023-05-04,43800,36350,38550
2023-05-05,43800,36650,38300
2023-05-06,43733,36850,38350
2023-05-07,43667,37050,38400
2023-05-08,43600,37250,38450
2023-05-09,43400,37350,38200
2023-05-10,44450,37350,38400
2023-05-11,44800,37450,38950
2023-05-12,44850,37650,38950
2023-05-13,44667,37800,38817
2023-05-14,44483,37950,38683
2023-05-15,44300,38100,38550
2023-05-16,44100,38150,38400
2023-05-17,44500,38350,38850
2023-05-18,44500,38350,38850
2023-05-19,44250,38550,40150
2023-05-20,44183,38500,43083
2023-05-21,44117,38450,46017
2023-05-22,44050,38400,48950
2023-05-23,44300,38450,50200
2023-05-24,44200,38700,50300
2023-05-25,44150,38700,48150
2023-05-26,43700,38700,48000
2023-05-27,43583,38717,47800
2023-05-28,43467,38733,47600
2023-05-29,43350,38750,47400
2023-05-30,43300,38800,47800
2023-05-31,42800,38800,47800
2023-06-01,42800,38800,47800
2023-06-02,42800,38800,47800
2023-06-03,42750,38817,47817
2023-06-04,42700,38833,47833
2023-06-05,42650,38850,47850
2023-06-06,42450,38600,47600
2023-06-07,42450,38450,47550
2023-06-08,42550,38450,47300
2023-06-09,42550,38450,47150
2023-06-10,42417,38483,47067
2023-06-11,42283,38517,46983
2023-06-12,42150,38550,46900
2023-06-13,42100,38650,46850
2023-06-14,41800,38650,46700
2023-06-15,41850,38550,46700
2023-06-16,41800,38600,46300
2023-06-17,41683,38600,45917
2023-06-18,41567,38600,45533
2023-06-19,41450,38600,45150
2023-06-20,41150,38500,44350
2023-06-21,41350,38550,43600
2023-06-22,41550,38600,43650
2023-06-23,41550,38600,42850
2023-06-24,41583,38600,43567
2023-06-25,41617,38600,44283
2023-06-26,41650,38600,45000
2023-06-27,41850,38700,45550
2023-06-28,42450,38450,44300
2023-06-29,42450,38450,44300
2023-06-30,42450,38450,44300
2023-07-01,42400,38783,43917
2023-07-02,42350,39117,43533
2023-07-03,42300,39450,43150
2023-07-04,42050,40550,42850
2023-07-05,41650,40700,41300
2023-07-06,40700,40850,40200
2023-07-07,39950,40900,39750
2023-07-08,39067,40967,39733
2023-07-09,38183,41033,39717
2023-07-10,37300,41100,39700
2023-07-11,36250,41150,39650
2023-07-12,35800,41200,39250
2023-07-13,35150,41150,39050
2023-07-14,34650,41100,38800
2023-07-15,34217,41183,38717
2023-07-16,33783,41267,38633
2023-07-17,33350,41350,38550
2023-07-18,32550,41100,37150
2023-07-19,32550,41100,37150
2023-07-20,31950,41350,37600
2023-07-21,31850,41550,37100
2023-07-22,31767,41500,37117
2023-07-23,31683,41450,37133
2023-07-24,31600,41400,37150
2023-07-25,31200,41450,37550
2023-07-26,31100,41400,38200
2023-07-27,30950,41500,38400
2023-07-28,30550,41750,39050
2023-07-29,30550,41717,39850
2023-07-30,30550,41683,40650
2023-07-31,30550,41650,41450
2023-08-01,30550,41600,42200
2023-08-02,30600,41600,43050
2023-08-03,30600,41550,43400
2023-08-04,30600,41550,44550
2023-08-05,30583,41467,44833
2023-08-06,30567,41383,45117
2023-08-07,30550,41300,45400
2023-08-08,30600,41250,45450
2023-08-09,30350,41250,45750
2023-08-10,30250,41100,47150
2023-08-11,30100,41000,47400
2023-08-12,29933,40950,48083
2023-08-13,29767,40900,48767
2023-08-14,29600,40850,49450
2023-08-15,29550,40700,49450
2023-08-16,29050,40800,49700
2023-08-17,29050,40800,49700
2023-08-18,28850,40800,50250
2023-08-19,28800,40783,50650
2023-08-20,28750,40767,51050
2023-08-21,28700,40750,51450
2023-08-22,28650,40700,51350
2023-08-23,28150,40700,50350
2023-08-24,27750,40800,50300
2023-08-25,27400,40700,49400
2023-08-26,27367,40617,48750
2023-08-27,27333,40533,48100
2023-08-28,27300,40450,47450
2023-08-29,27200,40350,47100
2023-08-30,27100,40300,46850
2023-08-31,26750,40200,45600
2023-09-01,26450,40250,44950
2023-09-02,26350,40233,44050
2023-09-03,26250,40217,43150
2023-09-04,26150,40200,42250
2023-09-05,26200,40200,42150
2023-09-06,25900,40150,41050
2023-09-07,25850,40150,40700
2023-09-08,25750,40150,40100
2023-09-09,25700,40133,40067
2023-09-10,25650,40117,40033
2023-09-11,25600,40100,40000
2023-09-12,25550,39700,39350
2023-09-13,25400,39700,39300
2023-09-14,25600,39700,39050
2023-09-15,25350,39600,40100
2023-09-16,25267,39433,40100
2023-09-17,25183,39267,40100
2023-09-18,25100,39100,40100
2023-09-19,25150,39050,39950
2023-09-20,25100,39150,39600
2023-09-21,25150,39050,39550
2023-09-22,25100,39050,39200
2023-09-23,24967,38900,39483
2023-09-24,24833,38750,39767
2023-09-25,24700,38600,40050
2023-09-26,24600,38600,40900
2023-09-27,24400,38550,41150
2023-09-28,24400,38550,41150
2023-09-29,24450,38550,42400
2023-09-30,24583,38633,42883
2023-10-01,24717,38717,43367
2023-10-02,24850,38800,43850
2023-10-03,24900,38850,44650
2023-10-04,24950,38850,44400
2023-10-05,24900,38800,44150
2023-10-06,24400,38550,45200
2023-10-07,24500,38550,46667
2023-10-08,24600,38550,48133
2023-10-09,24700,38550,49600
2023-10-10,24850,38700,50250
2023-10-11,24850,38750,50350
2023-10-12,24700,38750,50350
2023-10-13,24700,38750,50400
2023-10-14,24583,38733,52250
2023-10-15,24467,38717,54100
2023-10-16,24350,38700,55950
2023-10-17,24100,38700,56850
2023-10-18,24050,38400,57800
2023-10-19,23700,38400,57450
2023-10-20,23650,38600,58150
2023-10-21,23617,38583,60650
2023-10-22,23583,38567,63150
2023-10-23,23550,38550,65650
2023-10-24,23500,38550,68200
2023-10-25,23500,38450,69950
2023-10-26,23500,38450,72200
2023-10-27,23750,38450,75500
2023-10-28,24183,38450,77817
2023-10-29,24617,38450,80133
2023-10-30,25050,38450,82450
2023-10-31,25700,38450,84100
2023-11-01,26450,38450,85550
2023-11-02,26900,38300,84850
2023-11-03,28050,38200,85350
2023-11-04,28600,38217,85883
2023-11-05,29150,38233,86417
2023-11-06,29700,38250,86950
2023-11-07,29800,38250,87200
2023-11-08,30400,38250,87150
2023-11-09,31100,38250,87650
2023-11-10,31250,38150,87350
2023-11-11,31433,38167,87167
2023-11-12,31617,38183,86983
2023-11-13,31800,38200,86800
2023-11-14,31850,37950,86350
2023-11-15,31900,37850,86250
2023-11-16,31700,37650,85100
2023-11-17,31700,37650,85900
2023-11-18,31833,37583,87617
2023-11-19,31967,37517,89333
2023-11-20,32100,37450,91050
2023-11-21,32150,37600,97150
2023-11-22,32150,37550,97250
2023-11-23,32150,37550,96900
2023-11-24,32500,37550,95950
2023-11-25,32483,37567,96600
2023-11-26,32467,37583,97250
2023-11-27,32450,37600,97900
2023-11-28,32450,37400,98150
2023-11-29,32500,37400,98200
2023-11-30,32500,37400,98350
2023-12-01,32500,37400,98350
2023-12-02,32817,37333,99033
2023-12-03,33133,37267,99717
2023-12-04,33450,37200,100400
2023-12-05,33850,37800,100500
2023-12-06,34100,37900,100550
2023-12-07,34450,38050,101050
2023-12-08,34650,37900,101250
2023-12-09,34700,37950,101117
2023-12-10,34750,38000,100983
2023-12-11,34800,38050,100850
2023-12-12,34700,38150,100550
2023-12-13,34600,38350,99450
2023-12-14,34650,38400,99050
2023-12-15,34650,38500,98200
2023-12-16,34917,38683,95600
2023-12-17,35183,38867,93000
2023-12-18,35450,39050,90400
2023-12-19,35900,39600,88750
2023-12-20,36350,39700,87100
2023-12-21,36500,39800,84650
2023-12-22,37300,39850,84650
2023-12-23,37590,39890,84260
2023-12-24,37880,39930,83870
2023-12-25,38170,39970,83480
2023-12-26,38460,40010,83090
2023-12-27,38750,40050,82700
2023-12-28,39350,40050,83450
2023-12-29,39900,40150,84450
2023-12-30,39900,40150,84450
2023-12-31,39900,40150,84450
2024-01-01,39900,40150,84450
2024-01-02,41150,40250,86350
2024-01-03,41100,40300,87350
2024-01-04,40250,40350,86100
2024-01-05,40350,40350,85600
2024-01-06,39983,40317,81833
2024-01-07,39617,40283,78067
2024-01-08,39250,40250,74300
2024-01-09,38600,40350,71650
2024-01-10,37650,40600,69150
2024-01-11,37550,40700,66950
2024-01-12,36050,40750,64250
2024-01-13,35767,40750,63767
2024-01-14,35483,40750,63283
2024-01-15,35200,40750,62800
2024-01-16,34800,40750,61250
2024-01-17,33950,40450,60150
2024-01-18,33550,40400,59950
2024-01-19,33600,40400,59200
2024-01-20,33350,40433,58667
2024-01-21,33100,40467,58133
2024-01-22,32850,40500,57600
2024-01-23,32600,40600,56750
2024-01-24,32300,40350,55050
2024-01-25,32200,40200,54050
2024-01-26,32200,40250,53050
2024-01-27,31867,40250,52150
2024-01-28,31533,40250,51250
2024-01-29,31200,40250,50350
2024-01-30,30700,40300,49900
2024-01-31,30750,40150,49200
2024-02-01,30400,40050,49300
2024-02-02,30650,40050,48600
2024-02-03,30717,40067,49350
2024-02-04,30783,40083,50100
2024-02-05,30850,40100,50850
2024-02-06,31000,40100,50700
2024-02-07,30850,39900,49750
2024-02-08,30850,39900,49750
2024-02-09,30850,39900,49750
2024-02-10,30883,39750,50617
2024-02-11,30917,39600,51483
2024-02-12,30950,39450,52350
2024-02-13,30800,39350,52800
2024-02-14,30800,39350,52800
2024-02-15,31800,39350,58550
2024-02-16,31800,39300,72700
2024-02-17,32117,39400,73000
2024-02-18,32433,39500,73300
2024-02-19,32750,39600,73600
2024-02-20,32800,39650,75300
2024-02-21,33150,39650,76800
2024-02-22,33000,39750,79450
2024-02-23,33100,39950,84600
2024-02-24,33133,39933,83067
2024-02-25,33167,39917,81533
2024-02-26,33200,39900,80000
2024-02-27,33350,39850,77700
2024-02-28,33350,40050,78150
2024-02-29,33300,40100,77200
2024-03-01,33600,40100,76000
2024-03-02,33583,40250,75567
2024-03-03,33567,40400,75133
2024-03-04,33550,40550,74700
2024-03-05,33550,40550,73100
2024-03-06,33600,40650,73500
2024-03-07,33450,40350,72200
2024-03-08,33500,40350,71150
2024-03-09,33500,40350,71150
2024-03-10,33500,40350,71150
2024-03-11,33500,40350,71150
2024-03-12,33500,40350,71150
2024-03-13,34250,41950,73850
2024-03-14,34200,42200,74250
2024-03-15,34150,42150,73050
2024-03-16,34083,42200,68517
2024-03-17,34017,42250,63983
2024-03-18,33950,42300,59450
2024-03-19,34050,42350,57050
2024-03-20,33800,42900,54950
2024-03-21,33750,43100,53700
2024-03-22,32950,43100,52700
2024-03-23,32983,43083,51550
2024-03-24,33017,43067,50400
2024-03-25,33050,43050,49250
2024-03-26,33000,43050,48700
2024-03-27,33750,43150,47650
2024-03-28,34700,43200,46550
2024-03-29,34700,43200,46550
2024-03-30,36350,43283,47067
2024-03-31,38000,43367,47583
2024-04-01,39650,43450,48100
2024-04-02,41550,43450,47750
2024-04-03,44450,43700,48600
2024-04-04,45400,43600,48450
2024-04-05,48150,43500,50700
2024-04-06,48150,43500,50700
2024-04-07,48150,43500,50700
2024-04-08,48150,43500,50700
2024-04-09,48150,43500,50700
2024-04-10,48150,43500,50700
2024-04-11,48150,43500,50700
2024-04-12,42450,45050,49250
2024-04-13,44350,44533,49733
2024-04-14,46250,44017,50217
2024-04-15,48150,43500,50700
2024-04-16,62000,45450,48650
2024-04-17,62850,45800,47950
2024-04-18,62900,45650,46400
2024-04-19,63300,45700,45850
2024-04-20,63633,45533,45983
2024-04-21,63967,45367,46117
2024-04-22,64300,45200,46250
2024-04-23,64600,45100,45800
2024-04-24,64450,45150,45750
2024-04-25,64350,45100,46150
2024-04-26,64100,45100,45900
2024-04-27,63467,45167,46500
2024-04-28,62833,45233,47100
2024-04-29,62200,45300,47700
2024-04-30,61500,45700,48100
2024-05-01,61500,45600,48600
2024-05-02,58700,45550,47100
2024-05-03,58050,44900,46600
2024-05-04,56700,44833,45483
2024-05-05,55350,44767,44367
2024-05-06,54000,44700,43250
2024-05-07,53350,44700,42150
2024-05-08,51300,44550,42400
2024-05-09,51300,44650,42400
2024-05-10,51300,44550,42400
2024-05-11,50900,44550,41817
2024-05-12,50500,44550,41233
2024-05-13,50100,44550,40650
2024-05-14,49700,44550,40600
2024-05-15,50000,44550,40400
2024-05-16,50150,44550,40450
2024-05-17,50100,44600,41500
2024-05-18,50433,44700,41650
2024-05-19,50767,44800,41800
2024-05-20,51100,44900,41950
2024-05-21,51100,44650,41600
2024-05-22,50950,45000,41600
2024-05-23,52450,43650,42150
2024-05-24,50950,45000,41650
2024-05-25,50800,44967,41317
2024-05-26,50650,44933,40983
2024-05-27,50500,44900,40650
2024-05-28,50300,44900,40450
2024-05-29,49800,44700,40350
2024-05-30,49350,44700,40400
2024-05-31,49200,44700,40450
2024-06-01,48100,44650,40650
2024-06-02,47000,44600,40850
2024-06-03,45900,44550,41050
2024-06-04,45300,44450,41250
2024-06-05,44050,44400,41450
2024-06-06,43100,44350,41150
2024-06-07,42700,44300,40950
2024-06-08,42700,44167,42450
2024-06-09,42700,44033,43950
2024-06-10,42700,43900,45450
2024-06-11,42950,43900,45650
2024-06-12,42850,43900,46150
2024-06-13,43500,43850,46100
2024-06-14,43500,44050,46250
2024-06-15,43500,44050,46250
2024-06-16,43500,44050,46250
2024-06-17,43500,44050,46250
2024-06-18,43500,44050,46250
2024-06-19,42300,43700,48050
2024-06-20,41850,43450,47700
2024-06-21,41450,43350,47200
2024-06-22,40967,43283,46650
2024-06-23,40483,43217,46100
2024-06-24,40000,43150,45550
2024-06-25,39200,43100,43600
2024-06-26,39150,42800,43050
2024-06-27,37900,42650,43050
2024-06-28,37400,42600,41650
2024-06-29,36800,42550,42067
2024-06-30,36200,42500,42483
2024-07-01,35600,42450,42900
2024-07-02,35000,42500,43400
2024-07-03,34300,42500,47100
2024-07-04,34100,42300,49100
2024-07-05,34350,42300,50600
2024-07-06,34083,42333,50750
2024-07-07,33817,42367,50900
2024-07-08,33550,42400,51050
2024-07-09,33300,41850,51600
2024-07-10,32950,41900,51100
2024-07-11,32400,41900,51700
2024-07-12,31950,41900,55150
2024-07-13,31783,41983,58233
2024-07-14,31617,42067,61317
2024-07-15,31450,42150,64400
2024-07-16,31050,42150,66350
2024-07-17,30950,42450,66550
2024-07-18,30950,42400,71200
2024-07-19,30450,42150,74550
2024-07-20,30117,42133,75467
2024-07-21,29783,42117,76383
2024-07-22,29450,42100,77300
2024-07-23,29100,41850,79800
2024-07-24,28950,41850,81850
2024-07-25,28950,41850,84650
2024-07-26,28800,41850,83800
2024-07-27,28667,41883,83417
2024-07-28,28533,41917,83033
2024-07-29,28400,41950,82650
2024-07-30,28050,41950,83400
2024-07-31,27850,41850,81950
2024-08-01,27900,41900,82300
2024-08-02,27900,41900,81650
2024-08-03,27933,41883,81200
2024-08-04,27967,41867,80750
2024-08-05,28000,41850,80300
2024-08-06,27800,41800,80350
2024-08-07,27450,41800,79800
2024-08-08,27450,41800,78600
2024-08-09,27200,42050,77650
2024-08-10,27183,42000,76667
2024-08-11,27167,41950,75683
2024-08-12,27150,41900,74700
2024-08-13,27100,41850,74600
2024-08-14,26900,41850,72650
2024-08-15,26700,41850,70150
2024-08-16,26450,41700,67300
2024-08-17,26350,41683,66300
2024-08-18,26250,41667,65300
2024-08-19,26150,41650,64300
2024-08-20,26100,41650,63350
2024-08-21,26100,41800,62300
2024-08-22,26100,41800,61350
2024-08-23,25950,41800,60300
2024-08-24,25917,41883,58350
2024-08-25,25883,41967,56400
2024-08-26,25850,42050,54450
2024-08-27,25800,41800,53250
2024-08-28,25600,41650,51100
2024-08-29,25700,41650,50100
2024-08-30,26200,41550,49550
2024-08-31,26217,41533,48733
2024-09-01,26233,41517,47917
2024-09-02,26250,41500,47100
2024-09-03,26450,41550,45850
2024-09-04,26700,41600,45450
2024-09-05,26900,41650,44250
2024-09-06,27050,41650,43850
2024-09-07,27033,41700,43433
2024-09-08,27017,41750,43017
2024-09-09,27000,41800,42600
2024-09-10,27050,41800,42100
2024-09-11,27000,41700,41950
2024-09-12,26950,41700,41400
2024-09-13,26950,41600,40650
2024-09-14,26950,41600,40650
2024-09-15,26950,41600,40650
2024-09-16,26950,41600,40650
2024-09-17,26850,41700,41050
2024-09-18,26850,41650,41850
2024-09-19,26850,41800,42800
2024-09-20,26900,41800,43200
2024-09-21,26983,41817,43467
2024-09-22,27067,41833,43733
2024-09-23,27150,41850,44000
2024-09-24,27100,41900,44550
2024-09-25,26950,41850,44950
2024-09-26,27400,41800,44900
2024-09-27,27600,42100,44650
2024-09-28,27933,42050,44600
2024-09-29,28267,42000,44550
2024-09-30,28600,41950,44500
2024-10-01,28650,42050,46100
2024-10-02,28900,42000,46100
2024-10-03,29100,42000,46650
2024-10-04,29300,42050,47150
2024-10-05,29300,42017,47733
2024-10-06,29300,41983,48317
2024-10-07,29300,41950,48900
2024-10-08,29400,42100,48900
2024-10-09,29100,42100,50200
2024-10-10,29100,42150,50400
2024-10-11,29050,42150,50750
2024-10-12,29067,42300,51483
2024-10-13,29083,42450,52217
2024-10-14,29100,42600,52950
2024-10-15,29150,42600,52950
2024-10-16,29150,42450,53300
2024-10-17,29100,42400,53800
2024-10-18,28900,42400,53150
2024-10-19,29133,42383,53083
2024-10-20,29367,42367,53017
2024-10-21,29600,42350,52950
2024-10-22,29800,42700,52400
2024-10-23,30300,42850,52300
2024-10-24,30200,42850,51300
2024-10-25,30300,42900,50500
2024-10-26,30433,42867,50150
2024-10-27,30567,42833,49800
2024-10-28,30700,42800,49450
2024-10-29,31200,42800,48950
2024-10-30,31800,42800,48800
2024-10-31,33400,42850,49050
2024-11-01,35950,42900,48500
2024-11-02,36550,42900,47750
2024-11-03,37150,42900,47000
2024-11-04,37750,42900,46250
2024-11-05,38250,42850,45200
2024-11-06,38400,42900,45100
2024-11-07,38750,43000,45250
2024-11-08,39800,43000,43800
2024-11-09,39833,42967,44017
2024-11-10,39867,42933,44233
2024-11-11,39900,42900,44450
2024-11-12,40350,42900,44850
2024-11-13,40350,42900,44600
2024-11-14,40150,42850,44400
2024-11-15,40600,42850,44100
2024-11-16,40667,42867,43983
2024-11-17,40733,42883,43867
2024-11-18,40800,42900,43750
2024-11-19,40800,43000,44200
2024-11-20,40900,43000,44100
2024-11-21,40900,43100,42950
2024-11-22,40900,43200,42600
2024-11-23,40967,43317,42083
2024-11-24,41033,43433,41567
2024-11-25,41100,43550,41050
2024-11-26,41100,43450,40650
2024-11-27,37900,48750,39250
2024-11-28,41100,43450,39200
2024-11-29,40950,43550,39300
2024-11-30,40783,43633,39400
2024-12-01,40617,43717,39500
2024-12-02,40450,43800,39600
2024-12-03,40300,43950,39400
2024-12-04,40400,44150,39000
2024-12-05,40700,44150,41000
2024-12-06,40650,43650,40950
2024-12-07,40750,43567,41250
2024-12-08,40850,43483,41550
2024-12-09,40950,43400,41850
2024-12-10,41450,43550,41850
2024-12-11,41550,43550,42350
2024-12-12,41600,43550,43050
2024-12-13,41450,43600,44450
2024-12-14,41500,43700,45433
2024-12-15,41550,43800,46417
2024-12-16,41600,43900,47400
2024-12-17,41850,44000,50150
2024-12-18,41850,44000,50550
2024-12-19,41750,44000,50450
2024-12-20,41800,44050,51450
2024-12-21,41867,44150,54583
2024-12-22,41933,44250,57717
2024-12-23,42000,44350,60850
2024-12-24,42050,44350,64650
2024-12-25,42050,44350,64650
2024-12-26,42050,44350,64650
2024-12-27,41950,44400,71800
2024-12-28,42083,44417,73400
2024-12-29,42217,44433,75000
2024-12-30,42350,44450,76600
2024-12-31,42350,44550,79850
2025-01-01,42650,44850,81450
2025-01-02,42000,44400,90300
2025-01-03,41450,44400,91550
2025-01-04,41417,44350,95250
2025-01-05,41383,44300,98950
2025-01-06,41350,44250,102650
2025-01-07,40850,44200,105550
2025-01-08,40350,44200,108750
2025-01-09,39600,44150,108900
2025-01-10,38650,44150,107200
2025-01-11,38200,44050,107300
2025-01-12,37750,43950,107400
2025-01-13,37300,43850,107500
2025-01-14,36550,44100,108350
2025-01-15,37450,42550,104650
2025-01-16,35850,44100,103750
2025-01-17,35200,44100,101250
2025-01-18,35267,44000,97367
2025-01-19,35333,43900,93483
2025-01-20,35400,43800,89600
2025-01-21,35450,43700,84450
2025-01-22,35450,43700,79700
2025-01-23,35400,43800,79300
2025-01-24,35150,43800,79050
2025-01-25,35683,43250,78950
2025-01-26,36217,42700,78850
2025-01-27,36750,42150,78750
2025-01-28,36750,42150,78750
2025-01-29,36750,42150,78750
2025-01-30,34850,43800,81100
2025-01-31,34700,43800,81250
2025-02-01,34683,43750,80700
2025-02-02,34667,43700,80150
2025-02-03,34650,43650,79600
2025-02-04,34150,43650,79600
2025-02-05,34650,43700,77300
2025-02-06,34600,43700,75950
2025-02-07,34550,43750,73650
2025-02-08,34333,43767,72767
2025-02-09,34117,43783,71883
2025-02-10,33900,43800,71000
2025-02-11,34100,43850,70200
2025-02-12,33850,43850,69900
2025-02-13,33700,43700,68950
2025-02-14,33800,44050,67750
2025-02-15,33650,44133,67683
2025-02-16,33500,44217,67617
2025-02-17,33350,44300,67550
2025-02-18,33200,44150,67000
2025-02-19,33300,44300,70650
2025-02-20,33250,44300,71800
2025-02-21,33750,44350,74150
2025-02-22,34717,43900,76867
2025-02-23,35683,43450,79583
2025-02-24,36650,43000,82300
2025-02-25,36950,45200,86800
2025-02-26,37850,45350,95350
2025-02-27,39700,45650,98900
2025-02-28,41900,46500,103700
2025-03-01,43217,46717,108083
2025-03-02,44533,46933,112467
2025-03-03,45850,47150,116850
2025-03-04,47600,47150,121850
2025-03-05,48900,47150,117400
2025-03-06,49050,47150,107200
2025-03-07,49400,47100,96700
2025-03-08,49433,47100,95600
2025-03-09,49467,47100,94500
2025-03-10,49500,47100,93400
2025-03-11,49800,47100,94350
2025-03-12,50700,47100,91300
2025-03-13,51700,45750,91150
2025-03-14,51700,47200,92500
2025-03-15,51933,47283,95967
2025-03-16,52167,47367,99433
2025-03-17,52400,47450,102900
2025-03-18,53300,47450,103900
2025-03-19,53450,47550,104600
2025-03-20,53400,47550,103900
2025-03-21,53350,47550,103600
2025-03-22,54000,47083,103583
2025-03-23,54650,46617,103567
2025-03-24,55300,46150,103550
2025-03-25,55850,45950,104450
2025-03-26,55450,47200,108600
2025-03-27,55150,47200,108450
2025-03-28,55150,47200,108450
2025-03-29,55150,47200,108450
2025-03-30,55150,47200,108450
2025-03-31,55150,47200,108450
2025-04-01,55150,47200,108450
2025-04-02,55650,47150,109700
2025-04-03,55150,47200,108450
2025-04-04,55150,47200,108450
2025-04-05,55150,47200,108450
2025-04-06,55150,47200,108450
2025-04-07,55150,47200,108450
2025-04-08,55500,48750,100300
2025-04-09,58300,49950,100300
2025-04-10,61400,49200,98950
2025-04-11,61750,49750,98050
2025-04-12,60350,49800,98000
2025-04-13,59700,49900,97900
2025-04-14,58550,49950,97800
2025-04-15,59950,49300,94100
2025-04-16,59750,49350,93550
2025-04-17,58100,49950,93450
2025-04-18,58100,49950,93450
2025-04-19,56950,49700,87200
2025-04-20,55450,49550,82600
2025-04-21,54200,49350,79450
2025-04-22,53350,49150,74600
2025-04-23,52850,49150,72100
2025-04-24,52200,48800,70000
2025-04-25,51550,48550,65900
2025-04-26,50300,48500,61200
2025-04-27,49700,48200,58750
2025-04-28,48150,47950,56850
2025-04-29,47650,47350,53600
2025-04-30,45950,47350,52050
2025-05-01,46350,46800,52450
2025-05-02,44350,46850,49350
2025-05-03,44300,46450,48850
2025-05-04,44150,47050,48150
2025-05-05,44050,47150,47650
2025-05-06,45050,44900,46500
2025-05-07,42900,45850,46650
2025-05-08,42850,45700,44400
2025-05-09,42950,45700,43050
2025-05-10,42500,45750,42900
2025-05-11,42100,45800,42750
2025-05-12,42050,45850,42550
2025-05-13,42450,45750,43450
2025-05-14,42550,45800,42000
2025-05-15,43500,44500,41050
2025-05-16,42450,45350,40700
2025-05-17,41650,44500,40150
2025-05-18,40200,43650,39850
2025-05-19,39700,43800,39050
2025-05-20,38350,43050,40200
2025-05-21,38100,42250,39350
2025-05-22,37150,41900,38700
2025-05-23,37410,41267,38561
2025-05-24,35157,40436,35726
2025-05-25,35508,39559,36078
